,날짜,종가,오픈,고가,저가,거래량,변동 %
0,2022년 03월 04일,61.04,61.02,61.23,60.73,4.29M,-0.36%
1,2022년 03월 03일,61.26,60.81,61.3,60.76,5.43M,0.66%
2,2022년 03월 02일,60.86,60.76,61.13,60.57,5.04M,0.18%
3,2022년 03월 01일,60.75,61.38,61.38,60.73,4.79M,-1.22%
4,2022년 02월 28일,61.5,60.94,61.61,60.25,12.74M,40.38%
5,2022년 02월 25일,43.81,42.47,43.95,42.44,1.64M,1.74%
6,2022년 02월 24일,43.06,39.8,43.77,39.22,2.09M,4.74%
7,2022년 02월 23일,41.11,40.11,41.65,38.25,3.34M,26.03%
8,2022년 02월 22일,32.62,33.96,34.1,32.54,622.43K,-2.34%
9,2022년 02월 18일,33.4,34.15,34.71,33.19,475.61K,-3.24%
10,2022년 02월 17일,34.52,35.43,35.8,34.28,372.99K,-2.95%
11,2022년 02월 16일,35.57,36.34,36.74,35.42,350.72K,-2.15%
12,2022년 02월 15일,36.35,35.32,36.88,34.69,690.03K,2.25%
13,2022년 02월 14일,35.55,37.17,37.3,35.45,654.48K,-5.20%
14,2022년 02월 11일,37.5,37.64,38.39,37.04,598.57K,0.05%
15,2022년 02월 10일,37.48,37.14,39.27,37.14,1.04M,-0.45%
16,2022년 02월 09일,37.65,37.07,37.96,37.07,880.34K,2.93%
17,2022년 02월 08일,36.58,36.94,37.08,35.39,1.07M,-0.95%
18,2022년 02월 07일,36.93,37.9,38.29,36.87,794.02K,-3.02%
19,2022년 02월 04일,38.08,38.2,38.67,37.39,674.08K,1.06%
20,2022년 02월 03일,37.68,38.1,38.72,37.53,614.14K,-1.77%
21,2022년 02월 02일,38.36,41.19,41.19,38.16,725.39K,-6.30%
22,2022년 02월 01일,40.94,40.45,41.29,39.71,1.40M,1.69%
23,2022년 01월 31일,40.26,39.54,40.53,39.2,1.51M,2.26%
24,2022년 01월 28일,39.37,39.03,39.38,37.86,617.26K,1.21%
25,2022년 01월 27일,38.9,39.96,40.51,38.25,729.45K,-0.51%
26,2022년 01월 26일,39.1,41.83,41.9,38.43,851.55K,-3.29%
27,2022년 01월 25일,40.43,40.72,41.08,39.42,748.41K,-1.94%
28,2022년 01월 24일,41.23,38.37,41.38,37.63,681.76K,4.04%
29,2022년 01월 21일,39.63,41.13,41.53,39.54,906.75K,-5.55%
30,2022년 01월 20일,41.96,43.89,45.11,41.8,470.71K,-4.92%
31,2022년 01월 19일,44.13,45.12,46.02,44.0,488.41K,-2.60%
32,2022년 01월 18일,45.31,45.17,46.48,44.94,410.15K,0.09%
33,2022년 01월 14일,45.27,44.42,45.49,43.92,454.71K,1.03%
34,2022년 01월 13일,44.81,46.4,47.16,44.66,416.57K,-2.86%
35,2022년 01월 12일,46.13,46.71,47.52,44.88,649.98K,-0.71%
36,2022년 01월 11일,46.46,45.24,46.76,44.55,768.38K,3.89%
37,2022년 01월 10일,44.72,45.67,46.0,43.66,642.26K,-2.36%
38,2022년 01월 07일,45.8,46.36,47.05,44.49,722.86K,-1.12%
39,2022년 01월 06일,46.32,45.73,47.11,45.25,615.58K,3.00%
40,2022년 01월 05일,44.97,44.89,47.56,44.41,1.01M,0.56%
41,2022년 01월 04일,44.72,44.99,45.39,43.56,475.55K,-0.29%
42,2022년 01월 03일,44.85,42.99,45.22,42.88,568.64K,5.68%
0,2021년 12월 31일,42.44,42.92,43.32,42.06,387.74K,-0.79%
1,2021년 12월 30일,42.78,42.19,43.55,42.19,711.78K,1.35%
2,2021년 12월 29일,42.21,42.4,42.96,41.12,461.76K,-0.31%
3,2021년 12월 28일,42.34,42.5,42.91,41.27,447.07K,-0.19%
4,2021년 12월 27일,42.42,41.88,42.52,40.65,393.57K,1.60%
5,2021년 12월 23일,41.75,43.42,43.46,41.55,419.09K,-1.60%
6,2021년 12월 22일,42.43,43.38,43.56,42.1,445.33K,-2.10%
7,2021년 12월 21일,43.34,42.12,43.5,41.92,614.71K,3.93%
8,2021년 12월 20일,41.7,41.83,42.27,40.27,874.45K,-5.78%
9,2021년 12월 17일,44.26,42.48,44.54,41.88,3.01M,3.68%
10,2021년 12월 16일,42.69,44.2,45.16,42.66,522.10K,-2.89%
11,2021년 12월 15일,43.96,43.41,44.15,41.82,469.12K,1.03%
12,2021년 12월 14일,43.51,43.82,44.5,43.06,540.08K,-1.89%
13,2021년 12월 13일,44.35,44.77,45.34,43.86,535.47K,-1.95%
14,2021년 12월 10일,45.23,45.53,45.77,44.03,596.75K,1.07%
15,2021년 12월 09일,44.75,45.98,46.06,44.23,576.51K,-3.70%
16,2021년 12월 08일,46.47,46.32,47.08,45.79,700.97K,0.82%
17,2021년 12월 07일,46.09,46.8,48.67,45.89,867.74K,0.13%
18,2021년 12월 06일,46.03,46.53,47.26,45.28,653.44K,0.00%
19,2021년 12월 03일,46.03,47.68,48.18,45.34,967.55K,-2.56%
20,2021년 12월 02일,47.24,46.2,47.57,45.64,951.57K,2.21%
21,2021년 12월 01일,46.22,49.65,51.58,46.09,854.56K,-3.26%
22,2021년 11월 30일,47.78,47.7,48.81,46.54,613.21K,-1.77%
23,2021년 11월 29일,48.64,49.28,49.37,47.9,502.14K,1.61%
24,2021년 11월 26일,47.87,47.01,48.18,46.13,459.02K,-2.70%
25,2021년 11월 24일,49.2,49.93,50.5,48.95,321.98K,-1.99%
26,2021년 11월 23일,50.2,50.86,51.63,49.7,498.84K,-0.59%
27,2021년 11월 22일,50.5,49.49,52.05,49.08,705.16K,3.76%
28,2021년 11월 19일,48.67,48.65,49.91,48.3,609.28K,-1.58%
29,2021년 11월 18일,49.45,49.94,51.3,49.25,570.61K,-0.64%
30,2021년 11월 17일,49.77,51.15,51.89,49.23,525.72K,-4.23%
31,2021년 11월 16일,51.97,51.81,52.32,50.61,736.03K,0.00%
32,2021년 11월 15일,51.97,52.88,53.35,51.25,635.66K,-0.86%
33,2021년 11월 12일,52.42,55.46,55.5,52.25,795.82K,-6.12%
34,2021년 11월 11일,55.84,55.21,56.85,54.81,432.83K,0.81%
35,2021년 11월 10일,55.39,56.86,57.5,55.1,737.83K,-3.32%
36,2021년 11월 09일,57.29,59.85,61.69,57.03,884.23K,-3.94%
37,2021년 11월 08일,59.64,59.23,61.12,58.99,606.24K,0.71%
38,2021년 11월 05일,59.22,59.48,61.73,57.94,713.77K,-0.03%
39,2021년 11월 04일,59.24,61.77,63.15,56.82,1.50M,-10.32%
40,2021년 11월 03일,66.06,63.74,66.44,62.01,942.92K,2.28%
41,2021년 11월 02일,64.59,66.0,67.13,64.4,1.01M,-3.24%
42,2021년 11월 01일,66.75,64.35,66.97,64.2,926.63K,4.30%
43,2021년 10월 29일,64.0,61.43,64.22,60.93,972.45K,4.01%
44,2021년 10월 28일,61.53,56.95,61.66,56.95,1.13M,9.27%
45,2021년 10월 27일,56.31,58.0,58.77,56.01,777.48K,-3.97%
46,2021년 10월 26일,58.64,59.26,59.26,57.27,594.60K,-0.91%
47,2021년 10월 25일,59.18,58.59,59.35,57.15,789.68K,2.76%
48,2021년 10월 22일,57.59,54.71,57.68,54.67,878.83K,5.61%
49,2021년 10월 21일,54.53,55.0,56.24,53.69,433.31K,-1.14%
50,2021년 10월 20일,55.16,54.4,55.3,54.05,554.41K,0.69%
51,2021년 10월 19일,54.78,53.81,55.26,53.15,733.84K,2.72%
52,2021년 10월 18일,53.33,53.07,53.38,52.11,585.23K,0.62%
53,2021년 10월 15일,53.0,55.34,55.75,52.94,1.30M,-2.34%
54,2021년 10월 14일,54.27,55.06,55.06,53.0,559.87K,0.91%
55,2021년 10월 13일,53.78,53.01,53.86,51.32,656.33K,0.90%
56,2021년 10월 12일,53.3,54.39,55.53,52.56,621.78K,-2.13%
57,2021년 10월 11일,54.46,55.45,56.7,54.43,933.55K,1.51%
58,2021년 10월 08일,53.65,53.79,55.89,53.62,683.04K,0.24%
59,2021년 10월 07일,53.52,51.96,54.2,51.53,925.96K,4.33%
60,2021년 10월 06일,51.3,52.12,53.24,50.03,995.87K,-3.39%
61,2021년 10월 05일,53.1,51.74,53.35,50.65,945.52K,3.01%
62,2021년 10월 04일,51.55,50.98,51.96,50.33,1.06M,1.10%
63,2021년 10월 01일,50.99,50.58,51.44,49.87,785.16K,1.57%
64,2021년 09월 30일,50.2,48.75,50.26,48.32,788.83K,2.47%
65,2021년 09월 29일,48.99,49.71,50.21,48.31,827.79K,-1.63%
66,2021년 09월 28일,49.8,50.19,51.15,49.26,1.05M,0.04%
67,2021년 09월 27일,49.78,48.13,50.49,48.13,759.32K,5.40%
68,2021년 09월 24일,47.23,48.79,48.81,47.0,712.65K,-3.55%
69,2021년 09월 23일,48.97,47.65,49.19,47.33,1.04M,4.30%
70,2021년 09월 22일,46.95,49.03,49.65,46.61,1.57M,-3.89%
71,2021년 09월 21일,48.85,48.42,49.71,47.75,759.72K,2.54%
72,2021년 09월 20일,47.64,46.62,47.88,46.04,903.27K,-1.22%
73,2021년 09월 17일,48.23,48.54,48.99,47.2,2.03M,-0.68%
74,2021년 09월 16일,48.56,48.51,49.41,48.26,526.24K,-1.14%
75,2021년 09월 15일,49.12,48.43,50.5,48.28,1.01M,2.61%
76,2021년 09월 14일,47.87,49.44,49.81,47.42,705.37K,-2.09%
77,2021년 09월 13일,48.89,45.86,49.19,45.69,1.17M,8.24%
78,2021년 09월 10일,45.17,46.43,46.43,45.06,531.49K,-1.55%
79,2021년 09월 09일,45.88,45.6,47.36,45.46,618.80K,0.35%
80,2021년 09월 08일,45.72,47.0,47.71,45.54,704.47K,-2.50%
81,2021년 09월 07일,46.89,46.8,48.79,46.63,904.00K,0.39%
82,2021년 09월 03일,46.71,47.5,47.6,46.37,907.03K,-1.27%
83,2021년 09월 02일,47.31,47.76,48.5,46.97,1.04M,0.04%
84,2021년 09월 01일,47.29,48.11,48.26,46.78,829.77K,-2.33%
85,2021년 08월 31일,48.42,50.29,50.29,48.25,873.21K,-1.69%
86,2021년 08월 30일,49.25,52.39,52.69,49.2,700.99K,-5.00%
87,2021년 08월 27일,51.84,50.16,51.99,49.7,839.91K,3.74%
88,2021년 08월 26일,49.97,50.72,51.23,49.51,693.40K,-2.38%
89,2021년 08월 25일,51.19,50.67,52.57,50.0,764.78K,0.59%
90,2021년 08월 24일,50.89,50.48,51.0,49.46,1.03M,2.15%
91,2021년 08월 23일,49.82,48.09,50.05,47.48,999.04K,6.02%
92,2021년 08월 20일,46.99,47.86,48.69,46.04,1.18M,-3.85%
93,2021년 08월 19일,48.87,49.12,49.94,48.03,998.64K,-2.28%
94,2021년 08월 18일,50.01,51.93,52.4,49.95,917.05K,-3.97%
95,2021년 08월 17일,52.08,52.42,53.52,50.9,623.41K,-1.55%
96,2021년 08월 16일,52.9,53.61,54.1,52.66,619.04K,-2.25%
97,2021년 08월 13일,54.12,56.06,56.06,54.09,645.53K,-3.20%
98,2021년 08월 12일,55.91,56.07,56.48,54.35,998.86K,-0.69%
99,2021년 08월 11일,56.3,57.96,57.96,55.5,807.68K,-3.26%
100,2021년 08월 10일,58.2,58.38,59.34,57.57,766.40K,-0.41%
101,2021년 08월 09일,58.44,60.11,60.37,58.27,540.78K,-2.70%
102,2021년 08월 06일,60.06,61.46,62.03,59.3,610.32K,-2.34%
103,2021년 08월 05일,61.5,58.08,62.33,57.21,1.28M,7.01%
104,2021년 08월 04일,57.47,58.95,59.1,56.96,1.21M,-3.12%
105,2021년 08월 03일,59.32,58.68,60.0,57.01,665.63K,0.95%
106,2021년 08월 02일,58.76,61.54,62.71,58.76,589.90K,-4.07%
107,2021년 07월 30일,61.25,61.43,62.64,60.7,394.01K,-0.57%
108,2021년 07월 29일,61.6,62.74,62.98,61.49,350.11K,-0.44%
109,2021년 07월 28일,61.87,59.78,62.65,59.66,526.37K,4.30%
110,2021년 07월 27일,59.32,61.53,61.72,58.6,593.62K,-4.15%
111,2021년 07월 26일,61.89,61.66,63.6,60.81,617.12K,-0.43%
112,2021년 07월 23일,62.16,64.5,64.5,61.04,679.13K,-2.71%
113,2021년 07월 22일,63.89,67.06,67.45,63.8,464.10K,-4.67%
114,2021년 07월 21일,67.02,63.93,67.8,63.74,718.77K,5.48%
115,2021년 07월 20일,63.54,60.95,64.18,60.25,686.29K,3.94%
116,2021년 07월 19일,61.13,61.36,63.45,59.74,1.13M,-5.15%
117,2021년 07월 16일,64.45,64.75,64.98,62.37,1.11M,1.62%
118,2021년 07월 15일,63.42,60.64,64.0,60.64,1.02M,2.37%
119,2021년 07월 14일,61.95,62.97,63.93,60.19,1.03M,-0.94%
120,2021년 07월 13일,62.54,64.28,64.28,61.51,452.34K,-2.81%
121,2021년 07월 12일,64.35,64.04,65.09,63.22,411.99K,-0.77%
122,2021년 07월 09일,64.85,63.07,64.92,62.0,698.42K,5.65%
123,2021년 07월 08일,61.38,58.71,62.0,58.0,794.52K,1.24%
124,2021년 07월 07일,60.63,61.89,62.0,58.24,871.08K,-1.35%
125,2021년 07월 06일,61.46,61.73,61.8,59.6,765.11K,-0.55%
126,2021년 07월 02일,61.8,63.26,63.26,61.0,831.69K,-2.15%
127,2021년 07월 01일,63.16,63.5,64.39,62.6,551.65K,1.32%
128,2021년 06월 30일,62.34,62.16,62.46,60.68,464.67K,0.08%
129,2021년 06월 29일,62.29,64.3,64.5,62.25,558.02K,-1.16%
130,2021년 06월 28일,63.02,61.83,63.12,61.27,771.72K,1.63%
131,2021년 06월 25일,62.01,65.0,65.4,59.42,2.11M,-3.65%
132,2021년 06월 24일,64.36,64.37,64.63,63.06,777.10K,0.96%
133,2021년 06월 23일,63.75,64.11,64.37,61.62,891.86K,-0.73%
134,2021년 06월 22일,64.22,64.23,64.74,63.21,899.16K,-0.11%
135,2021년 06월 21일,64.29,63.68,65.84,63.05,1.48M,2.02%
136,2021년 06월 18일,63.02,65.29,66.01,61.86,3.09M,-6.83%
137,2021년 06월 17일,67.64,67.91,69.49,65.38,1.24M,-0.82%
138,2021년 06월 16일,68.2,67.93,69.01,65.96,1.30M,0.19%
139,2021년 06월 15일,68.07,69.6,70.35,66.71,1.07M,-1.20%
140,2021년 06월 14일,68.9,67.74,70.79,67.29,1.03M,3.13%
141,2021년 06월 11일,66.81,67.52,68.5,63.76,1.02M,-3.66%
142,2021년 06월 10일,69.35,71.65,71.87,67.46,652.66K,-2.50%
143,2021년 06월 09일,71.13,70.0,73.58,69.3,1.23M,3.78%
144,2021년 06월 08일,68.54,68.39,69.59,66.94,759.81K,-0.46%
145,2021년 06월 07일,68.86,67.26,69.12,66.8,616.93K,3.10%
146,2021년 06월 04일,66.79,70.28,71.11,66.32,754.32K,-5.21%
147,2021년 06월 03일,70.46,67.2,71.56,65.88,1.24M,3.30%
148,2021년 06월 02일,68.21,64.34,69.31,63.82,1.31M,6.59%
149,2021년 06월 01일,63.99,62.52,64.4,61.04,745.52K,4.78%
150,2021년 05월 28일,61.07,60.88,62.21,60.03,573.33K,-0.33%
151,2021년 05월 27일,61.27,60.81,61.81,59.64,590.65K,1.49%
152,2021년 05월 26일,60.37,58.78,60.51,58.66,581.66K,3.66%
153,2021년 05월 25일,58.24,60.81,61.65,58.16,784.76K,-3.83%
154,2021년 05월 24일,60.56,58.22,62.07,58.12,925.25K,5.05%
155,2021년 05월 21일,57.65,58.75,61.38,57.52,1.55M,0.33%
156,2021년 05월 20일,57.46,64.68,64.73,56.05,2.83M,-11.82%
157,2021년 05월 19일,65.16,63.61,66.25,63.12,1.01M,-1.11%
158,2021년 05월 18일,65.89,63.0,66.62,62.44,1.25M,4.47%
159,2021년 05월 17일,63.07,60.53,63.21,60.53,630.66K,-0.16%
160,2021년 05월 14일,63.17,58.7,63.21,58.46,956.10K,9.06%
161,2021년 05월 13일,57.92,55.9,58.09,55.9,1.31M,3.89%
162,2021년 05월 12일,55.75,54.4,56.27,54.22,834.65K,-0.07%
163,2021년 05월 11일,55.79,53.72,56.42,53.0,739.52K,-1.26%
164,2021년 05월 10일,56.5,60.67,61.17,56.37,885.11K,-6.67%
165,2021년 05월 07일,60.54,58.94,60.65,57.71,757.62K,1.90%
166,2021년 05월 06일,59.41,57.01,59.48,56.15,902.30K,3.38%
167,2021년 05월 05일,57.47,59.05,59.87,56.14,1.35M,-2.92%
168,2021년 05월 04일,59.2,58.42,60.66,56.3,2.45M,12.65%
169,2021년 05월 03일,52.55,55.07,55.45,51.03,2.08M,-5.35%
170,2021년 04월 30일,55.52,55.46,57.19,54.64,1.01M,0.09%
171,2021년 04월 29일,55.47,58.54,59.26,55.01,1.16M,-4.48%
172,2021년 04월 28일,58.07,58.8,59.59,57.78,873.38K,-1.69%
173,2021년 04월 27일,59.07,61.06,61.06,57.99,1.26M,-2.07%
174,2021년 04월 26일,60.32,59.0,60.5,58.01,1.07M,2.86%
175,2021년 04월 23일,58.64,58.23,59.9,56.68,901.49K,1.75%
176,2021년 04월 22일,57.63,60.77,60.88,56.57,1.45M,-4.13%
177,2021년 04월 21일,60.11,58.5,60.18,57.18,1.25M,2.09%
178,2021년 04월 20일,58.88,61.34,61.86,58.0,1.96M,-4.74%
179,2021년 04월 19일,61.81,64.46,65.85,59.81,1.83M,-4.67%
180,2021년 04월 16일,64.84,60.99,64.99,60.11,4.50M,6.86%
181,2021년 04월 15일,60.68,63.8,64.44,58.62,1.69M,-4.83%
182,2021년 04월 14일,63.76,61.54,65.02,61.43,2.03M,3.83%
183,2021년 04월 13일,61.41,60.16,61.67,57.16,2.19M,0.89%
184,2021년 04월 12일,60.87,63.28,63.6,59.7,1.10M,-4.56%
185,2021년 04월 09일,63.78,63.55,64.56,62.29,1.05M,-1.79%
186,2021년 04월 08일,64.94,62.09,66.05,61.92,1.38M,3.00%
187,2021년 04월 07일,63.05,66.52,66.52,61.88,1.44M,-3.46%
188,2021년 04월 06일,65.31,64.09,67.57,63.78,1.24M,3.06%
189,2021년 04월 05일,63.37,69.0,69.5,62.7,1.40M,-7.46%
190,2021년 04월 01일,68.48,67.18,70.0,66.8,1.05M,3.69%
191,2021년 03월 31일,66.04,66.77,68.34,65.28,1.62M,0.78%
192,2021년 03월 30일,65.53,60.26,65.53,59.75,956.75K,8.64%
193,2021년 03월 29일,60.32,64.33,64.33,59.29,1.06M,-5.42%
194,2021년 03월 26일,63.78,65.5,67.34,61.1,2.25M,0.54%
195,2021년 03월 25일,63.44,60.3,63.86,58.5,1.92M,-0.27%
196,2021년 03월 24일,63.61,65.29,66.91,63.02,1.46M,0.74%
197,2021년 03월 23일,63.14,67.59,68.67,62.91,1.71M,-8.25%
198,2021년 03월 22일,68.82,67.58,70.24,66.91,1.45M,2.05%
199,2021년 03월 19일,67.44,69.39,69.5,66.65,2.46M,-0.57%
200,2021년 03월 18일,67.83,68.41,72.0,67.55,1.93M,-1.97%
201,2021년 03월 17일,69.19,66.86,70.26,66.72,5.98M,-7.87%
202,2021년 03월 16일,75.1,78.1,79.14,75.01,858.38K,-4.96%
203,2021년 03월 15일,79.02,79.8,80.35,77.21,974.57K,-1.90%
204,2021년 03월 12일,80.55,80.38,83.17,79.28,847.28K,-2.62%
205,2021년 03월 11일,82.72,84.42,84.42,80.44,1.03M,0.50%
206,2021년 03월 10일,82.31,81.16,85.22,79.99,939.07K,5.95%
207,2021년 03월 09일,77.69,78.2,82.32,77.63,1.13M,4.27%
208,2021년 03월 08일,74.5,75.7,77.68,71.64,1.16M,-2.31%
209,2021년 03월 05일,76.27,74.8,76.43,65.41,1.51M,3.26%
210,2021년 03월 04일,73.86,73.23,76.05,69.53,1.78M,-2.20%
211,2021년 03월 03일,75.52,84.36,85.68,75.51,1.31M,-9.58%
212,2021년 03월 02일,83.52,86.01,88.51,82.66,828.86K,-3.63%
213,2021년 03월 01일,86.67,81.19,88.65,81.11,1.15M,11.44%
214,2021년 02월 26일,77.77,82.06,92.3,76.4,2.40M,-9.51%
215,2021년 02월 25일,85.94,95.0,96.0,85.0,1.27M,-8.66%
216,2021년 02월 24일,94.09,95.68,98.39,92.06,1.04M,0.42%
217,2021년 02월 23일,93.7,91.0,95.66,84.11,1.52M,-3.82%
218,2021년 02월 22일,97.42,95.95,101.4,95.0,1.01M,0.48%
219,2021년 02월 19일,96.95,95.01,99.56,94.63,964.59K,3.68%
220,2021년 02월 18일,93.51,99.08,99.08,92.69,1.47M,-8.72%
221,2021년 02월 17일,102.44,106.1,106.47,98.61,1.23M,-5.12%
222,2021년 02월 16일,107.97,111.49,114.2,105.66,775.75K,-0.88%
223,2021년 02월 12일,108.93,108.81,111.07,103.74,686.94K,-0.15%
224,2021년 02월 11일,109.09,113.58,114.72,107.58,854.73K,-4.04%
225,2021년 02월 10일,113.68,111.86,117.0,110.04,979.49K,2.78%
226,2021년 02월 09일,110.6,114.3,114.34,109.54,1.35M,-0.80%
227,2021년 02월 08일,111.49,101.68,114.23,101.06,1.42M,12.98%
228,2021년 02월 05일,98.68,97.57,99.85,94.5,482.56K,1.79%
229,2021년 02월 04일,96.94,98.56,99.48,95.64,610.51K,-0.49%
230,2021년 02월 03일,97.42,95.0,99.62,94.54,675.97K,3.01%
231,2021년 02월 02일,94.57,102.41,102.41,92.96,846.19K,-4.46%
232,2021년 02월 01일,98.98,91.56,98.98,88.81,851.95K,10.47%
233,2021년 01월 29일,89.6,93.45,97.62,87.52,1.02M,-3.75%
234,2021년 01월 28일,93.09,96.15,97.33,89.44,1.03M,-3.54%
235,2021년 01월 27일,96.51,93.6,98.2,87.15,1.50M,-1.77%
236,2021년 01월 26일,98.25,101.0,104.0,98.17,1.11M,-2.00%
237,2021년 01월 25일,100.25,102.45,109.9,98.04,1.54M,-0.28%
238,2021년 01월 22일,100.53,95.91,101.05,94.0,912.91K,3.59%
239,2021년 01월 21일,97.05,93.39,99.28,91.77,1.34M,6.34%
240,2021년 01월 20일,91.26,88.79,95.1,88.0,1.46M,5.16%
241,2021년 01월 19일,86.78,82.93,87.58,78.73,1.20M,8.46%
242,2021년 01월 15일,80.01,81.68,81.99,76.14,1.16M,-3.82%
243,2021년 01월 14일,83.19,85.99,86.6,82.65,783.72K,-2.37%
244,2021년 01월 13일,85.21,87.4,87.9,84.12,766.75K,-1.13%
245,2021년 01월 12일,86.18,87.28,89.11,84.74,987.52K,0.41%
246,2021년 01월 11일,85.83,82.75,86.45,81.0,925.58K,1.83%
247,2021년 01월 08일,84.29,89.93,90.0,82.34,1.29M,-4.26%
248,2021년 01월 07일,88.04,91.45,92.11,85.51,1.43M,3.75%
249,2021년 01월 06일,84.86,78.89,89.49,78.89,2.26M,12.68%
250,2021년 01월 05일,75.31,70.47,77.86,70.29,1.33M,8.63%
251,2021년 01월 04일,69.33,72.4,73.73,68.96,809.26K,-2.10%
0,2020년 12월 31일,70.82,73.69,73.98,70.51,595.61K,-2.89%
1,2020년 12월 30일,72.93,69.53,73.7,69.28,810.25K,5.83%
2,2020년 12월 29일,68.91,75.44,75.44,67.34,1.20M,-7.00%
3,2020년 12월 28일,74.1,74.84,76.17,73.09,881.46K,2.04%
4,2020년 12월 24일,72.62,77.35,77.8,72.04,688.93K,-5.97%
5,2020년 12월 23일,77.23,79.6,80.87,76.82,934.15K,-2.25%
6,2020년 12월 22일,79.01,78.51,80.96,75.3,1.08M,1.92%
7,2020년 12월 21일,77.52,72.0,78.59,70.27,1.65M,2.57%
8,2020년 12월 18일,75.58,73.43,76.63,72.73,4.03M,3.15%
9,2020년 12월 17일,73.27,71.42,73.55,69.61,951.14K,3.68%
10,2020년 12월 16일,70.67,71.01,71.23,67.22,1.11M,-0.56%
11,2020년 12월 15일,71.07,67.3,72.4,66.03,1.98M,9.63%
12,2020년 12월 14일,64.83,64.14,67.82,61.7,2.57M,4.31%
13,2020년 12월 11일,62.15,58.06,62.56,57.34,1.25M,7.43%
14,2020년 12월 10일,57.85,57.93,60.65,57.23,804.17K,-0.92%
15,2020년 12월 09일,58.39,59.61,60.73,57.17,1.11M,-0.87%
16,2020년 12월 08일,58.9,55.51,58.99,54.95,913.78K,6.38%
17,2020년 12월 07일,55.37,59.01,59.19,54.93,1.18M,-6.69%
18,2020년 12월 04일,59.34,59.55,60.35,57.98,728.58K,1.12%
19,2020년 12월 03일,58.68,59.49,60.16,57.5,620.80K,-1.64%
20,2020년 12월 02일,59.66,57.4,60.92,56.62,827.57K,1.97%
21,2020년 12월 01일,58.51,59.73,60.7,58.4,810.99K,0.74%
22,2020년 11월 30일,58.08,61.97,63.61,57.26,1.19M,-6.13%
23,2020년 11월 27일,61.87,59.95,62.18,59.25,623.45K,4.19%
24,2020년 11월 25일,59.38,57.78,61.25,55.83,1.23M,2.13%
25,2020년 11월 24일,58.14,58.52,61.7,56.78,1.27M,0.66%
26,2020년 11월 23일,57.76,55.66,57.95,55.0,735.09K,6.77%
27,2020년 11월 20일,54.1,55.43,56.27,53.51,771.24K,-3.06%
28,2020년 11월 19일,55.81,56.2,56.39,53.52,1.02M,-0.69%
29,2020년 11월 18일,56.2,60.58,60.58,56.2,1.12M,-5.00%
30,2020년 11월 17일,59.16,61.64,62.11,58.9,994.54K,-3.32%
31,2020년 11월 16일,61.19,62.17,62.17,58.54,1.15M,1.46%
32,2020년 11월 13일,60.31,61.09,61.42,59.36,708.06K,1.43%
33,2020년 11월 12일,59.46,63.35,63.35,58.67,969.20K,-6.51%
34,2020년 11월 11일,63.6,61.91,64.37,61.91,1.15M,3.60%
35,2020년 11월 10일,61.39,58.33,62.03,57.25,1.37M,6.16%
36,2020년 11월 09일,57.83,57.61,60.6,56.2,1.85M,7.81%
37,2020년 11월 06일,53.64,55.26,56.47,53.13,2.02M,-6.47%
38,2020년 11월 05일,57.35,53.36,57.97,53.36,1.45M,11.06%
39,2020년 11월 04일,51.64,52.83,53.73,48.63,1.62M,-5.65%
40,2020년 11월 03일,54.73,56.75,58.01,53.9,755.49K,-1.35%
41,2020년 11월 02일,55.48,57.46,57.62,53.84,929.55K,-1.63%
42,2020년 10월 30일,56.4,57.0,58.3,54.53,804.68K,-1.64%
43,2020년 10월 29일,57.34,55.06,57.75,54.04,580.71K,3.97%
44,2020년 10월 28일,55.15,57.08,58.22,53.95,993.54K,-6.72%
45,2020년 10월 27일,59.12,57.12,59.78,55.62,618.50K,3.19%
46,2020년 10월 26일,57.29,58.0,58.63,55.34,1.09M,-2.63%
47,2020년 10월 23일,58.84,63.25,63.97,58.01,1.08M,-4.88%
48,2020년 10월 22일,61.86,59.56,62.86,59.5,1.05M,3.88%
49,2020년 10월 21일,59.55,60.25,61.17,57.87,1.20M,0.81%
50,2020년 10월 20일,59.07,56.23,59.8,56.09,1.07M,6.64%
51,2020년 10월 19일,55.39,56.28,56.99,54.39,608.16K,-0.86%
52,2020년 10월 16일,55.87,57.5,57.77,54.82,969.52K,-1.88%
53,2020년 10월 15일,56.94,53.56,57.16,53.56,1.20M,0.80%
54,2020년 10월 14일,56.49,59.62,59.81,56.42,1.20M,-3.09%
55,2020년 10월 13일,58.29,62.08,62.08,57.0,1.69M,-7.67%
56,2020년 10월 12일,63.13,64.76,65.06,61.35,1.65M,-0.22%
57,2020년 10월 09일,63.27,60.7,63.78,60.25,1.15M,5.17%
58,2020년 10월 08일,60.16,61.54,62.1,59.25,1.34M,0.72%
59,2020년 10월 07일,59.73,57.2,61.22,56.79,1.63M,5.89%
60,2020년 10월 06일,56.41,57.41,59.51,55.15,1.32M,-1.17%
61,2020년 10월 05일,57.08,57.61,58.34,56.39,1.21M,2.48%
62,2020년 10월 02일,55.7,52.35,56.3,51.1,1.20M,3.28%
63,2020년 10월 01일,53.93,53.95,54.98,52.75,1.01M,0.95%
64,2020년 09월 30일,53.42,50.83,54.71,50.44,2.08M,6.80%
65,2020년 09월 29일,50.02,46.86,50.32,46.09,1.85M,6.81%
66,2020년 09월 28일,46.83,46.16,47.85,45.3,961.18K,3.72%
67,2020년 09월 25일,45.15,46.2,46.9,44.4,785.62K,-2.78%
68,2020년 09월 24일,46.44,45.49,47.7,43.82,632.45K,1.42%
69,2020년 09월 23일,45.79,47.46,49.28,45.71,994.40K,-3.52%
70,2020년 09월 22일,47.46,47.21,48.64,46.12,787.93K,1.24%
71,2020년 09월 21일,46.88,47.13,47.13,42.84,1.31M,-3.93%
72,2020년 09월 18일,48.8,47.54,49.22,46.36,1.64M,3.02%
73,2020년 09월 17일,47.37,45.78,48.31,45.78,874.26K,0.66%
74,2020년 09월 16일,47.06,45.75,47.93,45.44,1.21M,3.91%
75,2020년 09월 15일,45.29,43.87,46.2,43.6,1.02M,4.35%
76,2020년 09월 14일,43.4,41.74,43.5,40.92,802.60K,5.21%
77,2020년 09월 11일,41.25,41.84,42.31,40.56,522.78K,-0.75%
78,2020년 09월 10일,41.56,43.48,44.13,41.39,1.10M,-3.26%
79,2020년 09월 09일,42.96,38.83,44.42,38.83,1.60M,11.99%
80,2020년 09월 08일,38.36,39.25,39.43,37.81,956.31K,-2.52%
81,2020년 09월 04일,39.35,38.14,39.44,36.01,867.32K,3.96%
82,2020년 09월 03일,37.85,38.27,39.02,37.5,753.49K,-1.94%
83,2020년 09월 02일,38.6,38.76,38.89,36.32,944.83K,-0.05%
84,2020년 09월 01일,38.62,35.11,39.04,35.09,1.57M,15.52%
85,2020년 08월 31일,33.43,35.22,35.31,33.33,1.44M,-5.91%
86,2020년 08월 28일,35.53,36.3,36.41,34.72,471.05K,-1.17%
87,2020년 08월 27일,35.95,36.75,37.14,35.01,593.13K,-2.10%
88,2020년 08월 26일,36.72,38.1,38.6,36.28,635.46K,-3.58%
89,2020년 08월 25일,38.08,38.3,38.61,37.33,443.85K,-0.54%
90,2020년 08월 24일,38.29,37.42,38.68,36.71,812.52K,4.76%
91,2020년 08월 21일,36.55,37.37,37.85,36.26,721.81K,-2.97%
92,2020년 08월 20일,37.67,37.51,38.09,37.36,493.41K,0.00%
93,2020년 08월 19일,37.67,38.01,38.43,37.34,664.14K,-0.42%
94,2020년 08월 18일,37.83,39.67,39.68,36.56,923.42K,-4.66%
95,2020년 08월 17일,39.68,40.55,40.8,39.51,674.36K,0.08%
96,2020년 08월 14일,39.65,39.55,40.45,39.01,788.35K,0.38%
97,2020년 08월 13일,39.5,38.7,40.22,38.57,1.17M,1.96%
98,2020년 08월 12일,38.74,37.75,39.51,37.75,771.37K,3.00%
99,2020년 08월 11일,37.61,38.3,40.13,37.22,1.09M,0.00%
100,2020년 08월 10일,37.61,35.48,38.45,35.44,1.31M,7.92%
101,2020년 08월 07일,34.85,32.48,34.98,32.0,829.03K,7.30%
102,2020년 08월 06일,32.48,31.29,33.41,31.0,869.34K,4.71%
103,2020년 08월 05일,31.02,30.0,33.15,29.46,984.58K,8.16%
104,2020년 08월 04일,28.68,28.43,29.16,28.27,501.50K,0.88%
105,2020년 08월 03일,28.43,27.92,28.73,27.67,422.87K,3.08%
106,2020년 07월 31일,27.58,28.15,28.49,27.06,402.70K,-1.92%
107,2020년 07월 30일,28.12,28.01,28.26,27.48,325.01K,-0.74%
108,2020년 07월 29일,28.33,27.39,28.49,27.3,299.89K,3.58%
109,2020년 07월 28일,27.35,27.93,28.15,27.34,260.79K,-1.41%
110,2020년 07월 27일,27.74,27.24,27.87,27.05,402.62K,1.95%
111,2020년 07월 24일,27.21,26.83,27.42,26.45,306.46K,1.57%
112,2020년 07월 23일,26.79,26.16,27.5,26.09,628.57K,1.79%
113,2020년 07월 22일,26.32,25.92,26.62,25.87,466.66K,1.11%
114,2020년 07월 21일,26.03,26.17,26.43,25.88,343.74K,1.42%
115,2020년 07월 20일,25.67,25.55,26.39,25.38,518.10K,0.45%
116,2020년 07월 17일,25.55,25.05,25.95,25.01,584.66K,1.79%
117,2020년 07월 16일,25.1,24.64,25.46,24.14,421.31K,1.25%
118,2020년 07월 15일,24.79,23.8,24.86,23.65,466.30K,6.30%
119,2020년 07월 14일,23.32,22.72,23.57,22.59,316.54K,2.01%
120,2020년 07월 13일,22.86,23.8,23.94,22.85,604.18K,-2.22%
121,2020년 07월 10일,23.38,23.8,23.83,23.13,481.31K,-1.52%
122,2020년 07월 09일,23.74,24.93,24.98,22.98,497.76K,-4.04%
123,2020년 07월 08일,24.74,23.64,24.89,23.46,568.45K,5.16%
124,2020년 07월 07일,23.52,23.8,24.37,23.5,436.24K,-2.06%
125,2020년 07월 06일,24.02,24.45,24.63,23.81,513.21K,1.18%
126,2020년 07월 02일,23.74,24.3,24.86,23.64,430.71K,-0.75%
127,2020년 07월 01일,23.92,24.88,25.42,23.7,608.16K,-3.47%
128,2020년 06월 30일,24.78,24.0,24.95,23.59,800.43K,2.19%
129,2020년 06월 29일,24.25,22.71,24.57,22.71,983.39K,8.70%
130,2020년 06월 26일,22.31,22.91,23.19,22.1,1.14M,-3.17%
131,2020년 06월 25일,23.04,23.25,23.43,22.13,1.80M,1.36%
132,2020년 06월 24일,22.73,25.35,26.4,22.55,3.19M,-20.47%
133,2020년 06월 23일,28.58,28.2,28.88,28.13,370.96K,1.89%
134,2020년 06월 22일,28.05,27.96,28.22,26.89,444.24K,-0.64%
135,2020년 06월 19일,28.23,29.33,29.33,27.99,1.27M,-0.63%
136,2020년 06월 18일,28.41,27.38,28.58,27.25,387.85K,2.82%
137,2020년 06월 17일,27.63,28.51,28.57,27.07,531.24K,-2.47%
138,2020년 06월 16일,28.33,29.37,30.07,28.01,484.41K,1.50%
139,2020년 06월 15일,27.91,26.53,28.11,25.66,571.98K,1.88%
140,2020년 06월 12일,27.4,28.25,28.5,26.8,520.22K,1.31%
141,2020년 06월 11일,27.04,28.63,29.47,26.95,689.41K,-13.55%
142,2020년 06월 10일,31.28,32.37,32.82,31.23,750.63K,-3.99%
143,2020년 06월 09일,32.58,31.69,32.81,31.11,542.89K,0.52%
144,2020년 06월 08일,32.41,32.08,32.89,31.79,814.26K,1.77%
145,2020년 06월 05일,31.84,30.0,32.35,30.0,924.61K,7.69%
146,2020년 06월 04일,29.57,28.59,29.61,28.39,493.67K,1.83%
147,2020년 06월 03일,29.04,29.96,30.0,28.48,863.43K,-2.29%
148,2020년 06월 02일,29.72,28.17,29.83,28.17,584.01K,6.07%
149,2020년 06월 01일,28.02,28.5,28.68,27.97,434.93K,-1.51%
150,2020년 05월 29일,28.45,27.84,28.63,27.14,587.83K,1.46%
151,2020년 05월 28일,28.04,29.77,30.34,27.87,665.67K,-3.64%
152,2020년 05월 27일,29.1,27.7,29.18,26.94,540.26K,7.18%
153,2020년 05월 26일,27.15,27.38,27.8,26.68,509.64K,1.27%
154,2020년 05월 22일,26.81,27.54,27.6,26.51,359.67K,-1.40%
155,2020년 05월 21일,27.19,26.1,27.63,25.81,673.28K,3.94%
156,2020년 05월 20일,26.16,26.4,27.29,25.83,467.49K,-0.61%
157,2020년 05월 19일,26.32,25.91,27.45,25.72,560.35K,2.09%
158,2020년 05월 18일,25.78,25.57,26.0,25.41,686.86K,7.33%
159,2020년 05월 15일,24.02,23.15,24.13,22.87,352.17K,3.76%
160,2020년 05월 14일,23.15,22.31,23.21,21.65,651.20K,1.00%
161,2020년 05월 13일,22.92,25.78,25.78,22.3,804.10K,-11.09%
162,2020년 05월 12일,25.78,25.43,26.1,25.27,636.83K,2.46%
163,2020년 05월 11일,25.16,24.21,25.36,24.09,568.15K,2.28%
164,2020년 05월 08일,24.6,24.61,25.05,24.39,581.98K,1.69%
165,2020년 05월 07일,24.19,24.22,24.52,23.87,586.79K,2.94%
166,2020년 05월 06일,23.5,24.41,24.77,23.29,482.54K,-3.05%
167,2020년 05월 05일,24.24,25.33,26.1,24.11,599.19K,-1.34%
168,2020년 05월 04일,24.57,22.51,24.83,22.16,769.88K,6.55%
169,2020년 05월 01일,23.06,24.81,25.8,22.66,889.60K,-7.05%
170,2020년 04월 30일,24.81,24.89,25.89,24.5,836.36K,-0.68%
171,2020년 04월 29일,24.98,25.45,25.67,24.7,604.57K,2.13%
172,2020년 04월 28일,24.46,24.9,25.45,24.07,432.70K,-0.12%
173,2020년 04월 27일,24.49,23.69,24.7,23.57,355.29K,3.16%
174,2020년 04월 24일,23.74,23.52,24.0,22.86,363.67K,2.06%
175,2020년 04월 23일,23.26,22.91,23.49,22.5,399.92K,5.58%
176,2020년 04월 22일,22.03,21.99,22.26,21.35,478.66K,3.52%
177,2020년 04월 21일,21.28,21.89,22.11,20.93,548.75K,-5.00%
178,2020년 04월 20일,22.4,21.32,22.83,21.0,738.38K,-0.27%
179,2020년 04월 17일,22.46,21.47,22.59,21.27,744.97K,7.31%
180,2020년 04월 16일,20.93,21.33,21.51,19.6,498.42K,-1.64%
181,2020년 04월 15일,21.28,21.75,22.2,19.69,712.38K,-6.58%
182,2020년 04월 14일,22.78,23.86,24.17,22.67,648.98K,-3.68%
183,2020년 04월 13일,23.65,24.03,24.66,23.37,910.10K,0.90%
184,2020년 04월 09일,23.44,24.35,24.76,22.55,633.75K,-0.26%
185,2020년 04월 08일,23.5,23.1,24.38,22.86,975.80K,3.52%
186,2020년 04월 07일,22.7,22.22,23.19,21.96,724.35K,5.04%
187,2020년 04월 06일,21.61,20.56,21.79,20.1,676.00K,8.54%
188,2020년 04월 03일,19.91,19.49,20.84,18.99,567.27K,2.52%
189,2020년 04월 02일,19.42,18.9,20.27,18.73,800.02K,2.26%
190,2020년 04월 01일,18.99,19.65,20.37,18.83,720.93K,-7.50%
191,2020년 03월 31일,20.53,19.43,20.59,18.37,853.65K,9.79%
192,2020년 03월 30일,18.7,17.85,19.4,16.94,805.54K,2.30%
193,2020년 03월 27일,18.28,18.8,19.17,18.16,770.80K,-6.73%
194,2020년 03월 26일,19.6,19.8,20.31,18.79,1.10M,-2.29%
195,2020년 03월 25일,20.06,21.4,22.11,19.31,1.17M,-4.02%
196,2020년 03월 24일,20.9,19.78,22.11,19.77,947.55K,10.99%
197,2020년 03월 23일,18.83,19.56,20.21,18.19,730.92K,-4.71%
198,2020년 03월 20일,19.76,19.94,20.55,18.29,1.13M,3.67%
199,2020년 03월 19일,19.06,17.08,19.64,16.28,1.05M,11.07%
200,2020년 03월 18일,17.16,19.0,20.86,16.38,1.06M,-9.54%
201,2020년 03월 17일,18.97,21.2,21.2,18.79,1.23M,-9.32%
202,2020년 03월 16일,20.92,22.8,24.14,18.8,1.68M,-26.60%
203,2020년 03월 13일,28.5,21.15,28.5,19.26,1.17M,46.83%
204,2020년 03월 12일,19.41,19.12,20.99,18.63,1.49M,-7.04%
205,2020년 03월 11일,20.88,22.95,23.63,19.84,1.36M,-12.45%
206,2020년 03월 10일,23.85,25.05,25.81,23.08,1.34M,2.10%
207,2020년 03월 09일,23.36,23.44,24.03,20.31,1.89M,-13.45%
208,2020년 03월 06일,26.99,27.0,28.13,25.39,1.55M,-0.59%
209,2020년 03월 05일,27.15,26.66,27.93,26.33,946.54K,-1.20%
210,2020년 03월 04일,27.48,26.58,27.61,26.19,622.04K,5.45%
211,2020년 03월 03일,26.06,27.13,27.82,25.73,510.93K,-3.48%
212,2020년 03월 02일,27.0,26.65,27.13,25.25,560.27K,2.08%
213,2020년 02월 28일,26.45,24.9,26.66,24.51,838.89K,2.16%
214,2020년 02월 27일,25.89,27.13,27.56,25.85,1.02M,-7.00%
215,2020년 02월 26일,27.84,27.59,28.93,27.3,692.76K,0.87%
216,2020년 02월 25일,27.6,29.4,29.4,26.83,708.01K,-5.06%
217,2020년 02월 24일,29.07,29.16,29.47,28.08,581.90K,-3.90%
218,2020년 02월 21일,30.25,30.74,30.83,30.03,508.97K,-1.98%
219,2020년 02월 20일,30.86,30.57,31.5,30.08,624.82K,0.78%
220,2020년 02월 19일,30.62,29.65,31.0,29.5,1.04M,4.15%
221,2020년 02월 18일,29.4,28.95,29.81,28.8,575.55K,1.07%
222,2020년 02월 14일,29.09,28.4,29.15,28.14,606.47K,2.47%
223,2020년 02월 13일,28.39,27.79,29.08,27.64,844.55K,2.27%
224,2020년 02월 12일,27.76,27.97,28.0,27.5,472.21K,0.73%
225,2020년 02월 11일,27.56,27.85,28.13,27.02,466.26K,0.29%
226,2020년 02월 10일,27.48,26.79,27.49,26.43,332.70K,2.35%
227,2020년 02월 07일,26.85,27.94,28.28,26.42,429.48K,-4.58%
228,2020년 02월 06일,28.14,27.95,28.57,27.65,559.01K,0.90%
229,2020년 02월 05일,27.89,27.77,28.03,27.3,675.82K,2.01%
230,2020년 02월 04일,27.34,26.98,27.62,26.34,703.58K,3.09%
231,2020년 02월 03일,26.52,26.35,27.59,26.25,920.60K,0.91%
232,2020년 01월 31일,26.28,25.68,26.55,25.6,589.22K,1.08%
233,2020년 01월 30일,26.0,25.7,26.54,25.48,561.26K,0.08%
234,2020년 01월 29일,25.98,26.33,26.64,25.85,385.19K,-0.61%
235,2020년 01월 28일,26.14,25.86,26.36,25.73,463.78K,1.83%
236,2020년 01월 27일,25.67,25.44,26.08,25.09,693.24K,-1.23%
237,2020년 01월 24일,25.99,26.53,26.56,25.68,565.25K,-1.92%
238,2020년 01월 23일,26.5,25.39,26.61,25.15,538.93K,3.56%
239,2020년 01월 22일,25.59,25.54,25.72,25.17,373.38K,0.27%
240,2020년 01월 21일,25.52,25.29,25.73,24.63,616.76K,0.51%
241,2020년 01월 17일,25.39,26.6,26.76,25.31,620.33K,-3.93%
242,2020년 01월 16일,26.43,26.3,26.71,26.22,391.91K,0.88%
243,2020년 01월 15일,26.2,26.34,26.86,25.92,510.32K,-0.61%
244,2020년 01월 14일,26.36,25.51,26.88,25.26,801.97K,4.15%
245,2020년 01월 13일,25.31,25.31,25.39,24.31,939.78K,0.12%
246,2020년 01월 10일,25.28,25.36,25.55,25.12,537.29K,-0.12%
247,2020년 01월 09일,25.31,25.18,25.5,24.68,684.36K,0.48%
248,2020년 01월 08일,25.19,26.37,26.4,24.86,1.20M,-4.73%
249,2020년 01월 07일,26.44,28.17,28.28,26.08,1.38M,-6.87%
250,2020년 01월 06일,28.39,28.53,28.81,28.0,716.79K,-1.47%
251,2020년 01월 03일,28.82,28.16,28.94,27.73,1.41M,3.32%
252,2020년 01월 02일,27.89,27.21,27.95,26.62,781.05K,3.49%
0,2019년 12월 31일,26.95,26.59,27.15,26.5,818.06K,0.73%
1,2019년 12월 30일,26.75,27.29,27.55,26.37,967.22K,-1.71%
2,2019년 12월 27일,27.22,27.72,27.9,26.75,824.12K,-1.02%
3,2019년 12월 26일,27.5,27.03,27.94,26.77,594.33K,1.63%
4,2019년 12월 24일,27.06,26.67,27.19,26.51,576.39K,1.81%
5,2019년 12월 23일,26.58,25.48,26.62,25.12,786.37K,6.53%
6,2019년 12월 20일,24.95,25.5,26.04,24.81,3.04M,-1.73%
7,2019년 12월 19일,25.39,25.25,25.94,25.02,1.14M,1.24%
8,2019년 12월 18일,25.08,25.08,26.12,24.95,1.41M,0.00%
9,2019년 12월 17일,25.08,23.97,28.44,23.92,5.24M,26.92%
10,2019년 12월 16일,19.76,17.75,20.22,17.72,2.15M,11.01%
11,2019년 12월 13일,17.8,18.34,19.29,17.61,1.49M,-2.84%
12,2019년 12월 12일,18.32,17.48,18.39,17.4,735.75K,4.75%
13,2019년 12월 11일,17.49,17.83,18.02,17.34,722.15K,-2.13%
14,2019년 12월 10일,17.87,18.12,18.3,17.67,694.08K,-1.71%
15,2019년 12월 09일,18.18,18.83,19.28,18.09,595.49K,-4.27%
16,2019년 12월 06일,18.99,17.84,19.06,17.73,805.98K,7.23%
17,2019년 12월 05일,17.71,18.98,19.04,17.68,537.69K,-6.10%
18,2019년 12월 04일,18.86,18.32,19.08,18.28,1.28M,3.80%
19,2019년 12월 03일,18.17,17.73,18.24,17.36,1.10M,5.30%
20,2019년 12월 02일,17.25,17.21,17.46,16.87,594.51K,1.14%
21,2019년 11월 29일,17.06,17.22,17.33,16.97,200.71K,-1.39%
22,2019년 11월 27일,17.3,16.97,17.3,16.77,457.71K,2.25%
23,2019년 11월 26일,16.92,17.2,17.25,16.89,836.01K,-1.60%
24,2019년 11월 25일,17.19,16.76,17.28,16.61,532.72K,2.41%
25,2019년 11월 22일,16.79,17.24,17.32,16.71,296.35K,-1.98%
26,2019년 11월 21일,17.13,17.04,17.41,16.76,543.78K,1.48%
27,2019년 11월 20일,16.88,16.93,17.15,16.7,590.93K,-1.26%
28,2019년 11월 19일,17.09,17.12,17.69,16.92,522.18K,-0.38%
29,2019년 11월 18일,17.16,17.14,17.41,16.96,376.00K,-0.64%
30,2019년 11월 15일,17.27,16.96,17.3,16.71,455.74K,2.68%
31,2019년 11월 14일,16.82,17.38,17.38,16.75,619.95K,-2.97%
32,2019년 11월 13일,17.33,17.26,17.58,16.92,486.28K,-0.37%
33,2019년 11월 12일,17.4,17.44,17.85,17.29,462.76K,-0.34%
34,2019년 11월 11일,17.46,16.53,17.52,16.53,380.56K,2.59%
35,2019년 11월 08일,17.02,17.04,17.41,16.78,449.10K,0.15%
36,2019년 11월 07일,17.0,17.36,18.3,16.87,1.02M,-1.71%
37,2019년 11월 06일,17.29,16.51,18.48,16.25,1.09M,0.58%
38,2019년 11월 05일,17.19,16.8,17.38,16.72,730.62K,3.12%
39,2019년 11월 04일,16.67,16.7,17.04,16.62,806.22K,0.60%
40,2019년 11월 01일,16.57,16.43,16.85,16.25,632.67K,1.41%
41,2019년 10월 31일,16.34,16.36,16.49,15.91,428.40K,-0.37%
42,2019년 10월 30일,16.4,16.74,16.74,16.28,576.00K,-1.74%
43,2019년 10월 29일,16.69,16.09,16.78,15.97,443.24K,3.34%
44,2019년 10월 28일,16.15,16.32,16.47,16.1,438.30K,-0.31%
45,2019년 10월 25일,16.2,15.7,16.35,15.55,554.09K,3.32%
46,2019년 10월 24일,15.68,15.49,15.78,15.38,439.35K,1.88%
47,2019년 10월 23일,15.39,15.27,15.54,15.2,404.28K,0.98%
48,2019년 10월 22일,15.24,15.15,15.52,14.97,498.60K,0.93%
49,2019년 10월 21일,15.1,15.3,15.54,15.08,607.50K,-0.33%
50,2019년 10월 18일,15.15,15.13,15.43,15.03,515.21K,0.00%
51,2019년 10월 17일,15.15,14.85,15.38,14.81,478.12K,2.71%
52,2019년 10월 16일,14.75,15.6,15.74,14.73,732.42K,-5.57%
53,2019년 10월 15일,15.62,15.72,16.33,15.56,1.17M,-0.92%
54,2019년 10월 14일,15.77,15.66,15.92,15.54,415.84K,0.99%
55,2019년 10월 11일,15.61,15.91,16.09,15.6,443.80K,-0.51%
56,2019년 10월 10일,15.69,15.53,15.83,15.42,439.76K,1.75%
57,2019년 10월 09일,15.42,15.46,15.75,15.3,517.88K,-0.26%
58,2019년 10월 08일,15.46,15.02,15.6,14.89,1.35M,1.84%
59,2019년 10월 07일,15.18,15.23,15.44,14.98,730.10K,0.60%
60,2019년 10월 04일,15.09,14.8,15.4,14.69,547.97K,2.51%
61,2019년 10월 03일,14.72,14.25,14.9,14.01,641.21K,2.44%
62,2019년 10월 02일,14.37,14.26,14.57,14.03,681.04K,0.21%
63,2019년 10월 01일,14.34,15.13,15.27,13.87,917.48K,-4.43%
64,2019년 09월 30일,15.01,14.57,15.01,14.34,811.26K,3.41%
65,2019년 09월 27일,14.51,13.91,14.66,13.91,715.57K,3.57%
66,2019년 09월 26일,14.01,14.06,14.09,13.82,635.72K,-0.64%
67,2019년 09월 25일,14.1,13.8,14.21,13.67,738.35K,1.37%
68,2019년 09월 24일,13.91,14.81,14.9,13.88,584.68K,-5.95%
69,2019년 09월 23일,14.79,14.91,15.08,14.55,517.65K,-1.27%
70,2019년 09월 20일,14.98,14.93,15.09,14.78,1.80M,0.67%
71,2019년 09월 19일,14.88,14.76,14.9,14.53,764.66K,1.22%
72,2019년 09월 18일,14.7,15.04,15.09,14.56,671.82K,-2.20%
73,2019년 09월 17일,15.03,15.65,15.85,14.93,1.03M,-4.69%
74,2019년 09월 16일,15.77,16.07,16.43,15.55,1.37M,-0.76%
75,2019년 09월 13일,15.89,15.43,15.99,14.9,1.28M,3.62%
76,2019년 09월 12일,15.34,15.17,15.34,14.9,1.07M,0.56%
77,2019년 09월 11일,15.25,15.23,15.41,14.41,1.08M,1.19%
78,2019년 09월 10일,15.07,14.66,15.28,14.59,1.30M,2.94%
79,2019년 09월 09일,14.64,14.1,14.68,13.77,1.16M,3.98%
80,2019년 09월 06일,14.08,13.6,14.32,13.53,1.61M,4.53%
81,2019년 09월 05일,13.47,12.61,13.66,12.55,1.67M,7.76%
82,2019년 09월 04일,12.5,12.18,12.52,12.18,672.14K,4.17%
83,2019년 09월 03일,12.0,11.91,12.19,11.72,777.45K,-1.40%
84,2019년 08월 30일,12.17,12.0,12.23,11.79,555.61K,1.42%
85,2019년 08월 29일,12.0,11.55,12.09,11.53,812.89K,4.08%
86,2019년 08월 28일,11.53,11.19,11.63,11.0,772.63K,3.69%
87,2019년 08월 27일,11.12,11.65,11.68,11.05,738.36K,-3.39%
88,2019년 08월 26일,11.51,11.6,11.89,11.2,1.11M,-0.95%
89,2019년 08월 23일,11.62,10.83,11.72,10.42,1.42M,5.35%
90,2019년 08월 22일,11.03,10.93,11.59,10.59,1.16M,1.85%
91,2019년 08월 21일,10.83,10.71,10.93,10.52,820.59K,1.12%
92,2019년 08월 20일,10.71,10.9,10.9,10.48,857.35K,-2.01%
93,2019년 08월 19일,10.93,10.9,11.1,10.8,841.00K,1.49%
94,2019년 08월 16일,10.77,10.97,11.14,10.65,877.10K,-1.64%
95,2019년 08월 15일,10.95,11.3,11.41,10.85,859.90K,-3.52%
96,2019년 08월 14일,11.35,12.01,12.11,11.33,1.40M,-7.72%
97,2019년 08월 13일,12.3,12.23,12.45,11.96,534.64K,0.33%
98,2019년 08월 12일,12.26,12.8,12.85,12.15,980.41K,-4.59%
99,2019년 08월 09일,12.85,12.7,12.94,12.19,793.19K,1.02%
100,2019년 08월 08일,12.72,11.99,12.75,11.88,1.16M,6.76%
101,2019년 08월 07일,11.91,11.05,12.2,9.9,2.10M,-5.66%
102,2019년 08월 06일,12.63,12.73,12.9,12.39,723.46K,-0.47%
103,2019년 08월 05일,12.69,13.03,13.24,12.43,697.88K,-4.01%
104,2019년 08월 02일,13.22,13.58,13.9,13.21,289.49K,-2.87%
105,2019년 08월 01일,13.61,13.63,14.02,13.54,459.72K,0.15%
106,2019년 07월 31일,13.59,13.73,14.07,13.54,389.03K,-1.24%
107,2019년 07월 30일,13.76,13.51,13.96,13.25,494.69K,-0.65%
108,2019년 07월 29일,13.85,13.79,14.02,13.69,335.13K,-0.14%
109,2019년 07월 26일,13.87,13.34,13.96,13.15,540.59K,3.97%
110,2019년 07월 25일,13.34,14.54,14.6,13.19,1.01M,-8.32%
111,2019년 07월 24일,14.55,15.26,15.42,14.53,720.31K,-4.84%
112,2019년 07월 23일,15.29,15.14,15.5,15.14,435.19K,1.19%
113,2019년 07월 22일,15.11,15.65,15.68,15.1,637.77K,-2.83%
114,2019년 07월 19일,15.55,15.3,15.63,15.28,586.00K,1.37%
115,2019년 07월 18일,15.34,15.24,15.57,15.13,513.70K,0.66%
116,2019년 07월 17일,15.24,15.31,15.59,15.16,332.12K,-0.72%
117,2019년 07월 16일,15.35,15.47,15.58,15.31,350.21K,-0.52%
118,2019년 07월 15일,15.43,15.6,15.64,15.2,443.18K,-1.09%
119,2019년 07월 12일,15.6,15.6,15.78,15.48,432.04K,-0.06%
120,2019년 07월 11일,15.61,15.56,15.69,15.46,521.07K,0.32%
121,2019년 07월 10일,15.56,15.97,16.02,15.54,584.57K,-1.95%
122,2019년 07월 09일,15.87,15.88,16.01,15.72,381.23K,-0.50%
123,2019년 07월 08일,15.95,15.81,16.06,15.72,549.91K,0.76%
124,2019년 07월 05일,15.83,15.74,15.84,15.55,298.66K,0.57%
125,2019년 07월 03일,15.74,15.82,15.82,15.15,350.34K,-0.19%
126,2019년 07월 02일,15.77,16.09,16.09,15.57,604.22K,-2.23%
127,2019년 07월 01일,16.13,16.09,16.44,16.03,730.33K,1.70%
128,2019년 06월 28일,15.86,16.09,16.25,15.78,1.60M,-1.73%
129,2019년 06월 27일,16.14,15.95,16.21,15.82,554.54K,1.06%
130,2019년 06월 26일,15.97,15.99,16.39,15.92,711.96K,0.95%
131,2019년 06월 25일,15.82,16.38,16.38,15.74,651.57K,-2.41%
132,2019년 06월 24일,16.21,17.08,17.3,16.14,1.22M,-1.34%
133,2019년 06월 21일,16.43,16.14,16.45,15.88,1.25M,1.67%
134,2019년 06월 20일,16.16,16.2,16.5,15.85,724.00K,0.56%
135,2019년 06월 19일,16.07,15.51,16.39,15.38,1.28M,5.65%
136,2019년 06월 18일,15.21,14.48,16.1,14.48,1.32M,6.29%
137,2019년 06월 17일,14.31,14.02,14.38,14.02,448.41K,1.71%
138,2019년 06월 14일,14.07,13.98,14.18,13.59,598.74K,0.43%
139,2019년 06월 13일,14.01,13.57,14.03,13.4,589.34K,3.47%
140,2019년 06월 12일,13.54,13.87,14.04,13.43,437.60K,-3.22%
141,2019년 06월 11일,13.99,14.13,14.26,13.84,510.59K,-0.43%
142,2019년 06월 10일,14.05,14.43,14.61,14.02,618.53K,-2.09%
143,2019년 06월 07일,14.35,14.13,14.49,13.96,608.09K,1.85%
144,2019년 06월 06일,14.09,14.35,14.69,13.75,871.85K,-2.02%
145,2019년 06월 05일,14.38,15.14,15.22,14.27,643.30K,-4.77%
146,2019년 06월 04일,15.1,15.46,15.66,15.06,700.84K,-1.63%
147,2019년 06월 03일,15.35,15.55,15.72,15.32,610.45K,-1.85%
148,2019년 05월 31일,15.64,15.36,15.67,15.15,737.32K,0.39%
149,2019년 05월 30일,15.58,15.84,15.95,15.3,683.72K,-1.64%
150,2019년 05월 29일,15.84,15.8,16.04,15.68,597.92K,-1.00%
151,2019년 05월 28일,16.0,16.03,16.22,15.73,1.02M,-0.06%
152,2019년 05월 24일,16.01,16.01,16.26,15.64,594.33K,0.57%
153,2019년 05월 23일,15.92,15.86,16.17,15.71,1.13M,-0.81%
154,2019년 05월 22일,16.05,16.1,16.31,15.77,888.09K,-1.17%
155,2019년 05월 21일,16.24,16.42,16.54,15.92,762.99K,-0.79%
156,2019년 05월 20일,16.37,16.27,16.48,15.9,676.40K,0.18%
157,2019년 05월 17일,16.34,16.62,16.9,16.01,831.02K,-2.27%
158,2019년 05월 16일,16.72,16.77,17.19,16.72,793.19K,0.30%
159,2019년 05월 15일,16.67,16.6,17.06,16.39,1.11M,-0.12%
160,2019년 05월 14일,16.69,16.95,17.33,16.68,1.84M,0.00%
161,2019년 05월 13일,16.69,16.86,17.0,16.58,1.10M,-1.59%
162,2019년 05월 10일,16.96,16.94,17.03,16.72,642.47K,-0.06%
163,2019년 05월 09일,16.97,16.83,17.06,16.22,1.17M,0.53%
164,2019년 05월 08일,16.88,17.0,17.2,16.66,1.39M,-0.18%
165,2019년 05월 07일,16.91,17.29,17.58,16.56,1.09M,-3.26%
166,2019년 05월 06일,17.48,17.55,17.82,16.53,2.09M,-2.24%
167,2019년 05월 03일,17.88,20.52,20.96,17.12,2.42M,-20.60%
168,2019년 05월 02일,22.52,23.33,24.0,22.42,870.53K,-4.01%
169,2019년 05월 01일,23.46,24.15,24.35,23.41,848.27K,-2.74%
170,2019년 04월 30일,24.12,24.4,24.43,23.6,613.75K,0.04%
171,2019년 04월 29일,24.11,23.7,24.21,23.59,341.59K,1.86%
172,2019년 04월 26일,23.67,23.26,23.7,23.03,282.90K,1.63%
173,2019년 04월 25일,23.29,23.17,23.55,23.1,429.82K,0.60%
174,2019년 04월 24일,23.15,23.33,23.5,22.71,497.09K,-0.09%
175,2019년 04월 23일,23.17,23.66,23.95,23.11,356.42K,-2.07%
176,2019년 04월 22일,23.66,23.23,23.71,23.17,372.52K,2.60%
177,2019년 04월 18일,23.06,23.03,23.53,22.92,270.21K,0.17%
178,2019년 04월 17일,23.02,23.44,23.46,22.86,499.16K,-0.86%
179,2019년 04월 16일,23.22,23.21,23.25,22.79,313.05K,0.26%
180,2019년 04월 15일,23.16,23.33,23.57,23.0,296.73K,-0.73%
181,2019년 04월 12일,23.33,23.53,23.53,23.05,348.21K,0.82%
182,2019년 04월 11일,23.14,23.44,23.64,22.87,431.74K,-1.32%
183,2019년 04월 10일,23.45,22.79,23.62,22.79,505.93K,3.35%
184,2019년 04월 09일,22.69,22.7,23.05,22.49,385.57K,-0.13%
185,2019년 04월 08일,22.72,23.38,23.72,22.57,489.89K,-2.36%
186,2019년 04월 05일,23.27,22.59,23.3,22.59,837.97K,3.42%
187,2019년 04월 04일,22.5,22.1,22.82,22.1,423.47K,2.37%
188,2019년 04월 03일,21.98,21.94,23.0,21.89,454.37K,0.78%
189,2019년 04월 02일,21.81,21.97,22.4,21.69,583.59K,-0.55%
190,2019년 04월 01일,21.93,22.14,22.14,21.42,643.80K,-0.14%
191,2019년 03월 29일,21.96,22.58,22.84,21.81,820.58K,-2.49%
192,2019년 03월 28일,22.52,22.84,23.3,22.21,551.66K,-1.70%
193,2019년 03월 27일,22.91,22.67,23.31,22.67,459.23K,0.84%
194,2019년 03월 26일,22.72,22.5,22.88,22.18,531.65K,1.79%
195,2019년 03월 25일,22.32,22.27,22.59,22.05,558.30K,-0.27%
196,2019년 03월 22일,22.38,22.53,22.91,22.38,484.06K,-1.28%
197,2019년 03월 21일,22.67,22.5,22.8,22.18,565.79K,0.85%
198,2019년 03월 20일,22.48,22.69,22.89,22.4,491.88K,-1.14%
199,2019년 03월 19일,22.74,23.47,23.74,22.67,518.81K,-2.78%
200,2019년 03월 18일,23.39,23.27,23.7,23.06,711.51K,0.65%
201,2019년 03월 15일,23.24,23.82,24.37,22.99,1.59M,-2.88%
202,2019년 03월 14일,23.93,24.17,24.35,23.48,603.30K,-1.03%
203,2019년 03월 13일,24.18,23.6,24.22,23.56,662.35K,2.54%
204,2019년 03월 12일,23.58,23.27,24.06,23.27,527.90K,1.42%
205,2019년 03월 11일,23.25,23.61,23.97,23.09,997.99K,0.69%
206,2019년 03월 08일,23.09,23.31,23.5,21.97,776.27K,-1.70%
207,2019년 03월 07일,23.49,24.0,24.11,23.35,657.38K,-2.13%
208,2019년 03월 06일,24.0,26.25,26.25,23.42,1.16M,-10.38%
209,2019년 03월 05일,26.78,26.84,27.11,26.57,634.12K,-0.19%
210,2019년 03월 04일,26.83,26.59,26.92,25.89,482.68K,1.36%
211,2019년 03월 01일,26.47,26.65,26.9,26.18,448.87K,-0.38%
212,2019년 02월 28일,26.57,26.87,27.12,26.34,567.40K,-1.19%
213,2019년 02월 27일,26.89,26.75,27.2,26.39,271.68K,0.94%
214,2019년 02월 26일,26.64,26.5,27.0,26.35,467.14K,0.49%
215,2019년 02월 25일,26.51,27.01,27.29,26.09,410.43K,-1.49%
216,2019년 02월 22일,26.91,26.62,27.12,26.37,439.40K,1.28%
217,2019년 02월 21일,26.57,26.47,26.84,26.3,324.28K,0.38%
218,2019년 02월 20일,26.47,26.41,26.87,26.17,574.90K,0.23%
219,2019년 02월 19일,26.41,26.45,26.48,25.64,414.48K,-0.04%
220,2019년 02월 15일,26.42,26.43,26.65,26.32,389.37K,-0.04%
221,2019년 02월 14일,26.43,26.66,27.0,26.18,454.35K,-0.60%
222,2019년 02월 13일,26.59,26.04,26.76,26.04,450.51K,2.23%
223,2019년 02월 12일,26.01,26.63,27.53,25.77,661.68K,-1.40%
224,2019년 02월 11일,26.38,26.28,26.45,25.54,425.32K,0.11%
225,2019년 02월 08일,26.35,27.79,27.85,26.25,630.55K,-5.39%
226,2019년 02월 07일,27.85,28.08,28.46,27.64,401.18K,-0.96%
227,2019년 02월 06일,28.12,28.35,28.85,28.05,437.27K,-0.85%
228,2019년 02월 05일,28.36,28.5,28.58,28.04,252.85K,-0.67%
229,2019년 02월 04일,28.55,28.64,29.5,28.12,322.57K,-0.45%
230,2019년 02월 01일,28.68,29.04,29.61,28.52,652.41K,-0.76%
231,2019년 01월 31일,28.9,28.35,28.95,28.22,394.19K,2.41%
232,2019년 01월 30일,28.22,27.67,28.31,27.67,254.48K,2.66%
233,2019년 01월 29일,27.49,27.2,27.57,26.95,211.77K,1.29%
234,2019년 01월 28일,27.14,27.07,27.46,26.86,351.13K,-0.48%
235,2019년 01월 25일,27.27,26.92,27.69,26.88,279.24K,1.60%
236,2019년 01월 24일,26.84,26.76,27.06,26.62,181.59K,0.34%
237,2019년 01월 23일,26.75,27.1,27.56,26.69,466.73K,-0.96%
238,2019년 01월 22일,27.01,27.8,28.22,26.77,656.86K,-3.50%
239,2019년 01월 18일,27.99,27.66,28.32,27.64,258.61K,1.52%
240,2019년 01월 17일,27.57,26.84,27.57,26.68,464.66K,2.53%
241,2019년 01월 16일,26.89,26.61,27.4,26.54,278.27K,1.09%
242,2019년 01월 15일,26.6,26.39,26.73,26.17,317.00K,1.45%
243,2019년 01월 14일,26.22,26.0,26.45,25.85,311.98K,0.11%
244,2019년 01월 11일,26.19,26.2,26.79,26.04,275.98K,-0.80%
245,2019년 01월 10일,26.4,26.26,26.5,25.58,404.20K,-0.11%
246,2019년 01월 09일,26.43,26.69,26.83,25.84,929.28K,-0.49%
247,2019년 01월 08일,26.56,26.26,26.8,25.82,486.60K,1.84%
248,2019년 01월 07일,26.08,26.11,26.46,25.48,445.85K,0.04%
249,2019년 01월 04일,26.07,25.71,26.18,25.52,382.29K,2.68%
250,2019년 01월 03일,25.39,26.04,26.34,25.1,619.26K,-2.38%
251,2019년 01월 02일,26.01,25.34,26.26,25.06,563.50K,1.21%
0,2018년 12월 31일,25.7,25.42,25.84,25.1,344.01K,1.46%
1,2018년 12월 28일,25.33,25.38,25.65,24.7,408.96K,0.48%
2,2018년 12월 27일,25.21,24.73,25.3,24.38,617.86K,0.56%
3,2018년 12월 26일,25.07,23.75,25.09,23.14,649.20K,5.91%
4,2018년 12월 24일,23.67,22.86,24.13,22.79,430.38K,1.74%
5,2018년 12월 21일,23.26,23.84,24.33,22.89,2.16M,-2.41%
6,2018년 12월 20일,23.84,24.63,25.04,23.34,1.08M,-4.10%
7,2018년 12월 19일,24.86,24.61,25.67,24.5,670.82K,3.58%
8,2018년 12월 18일,24.0,24.19,24.69,23.95,770.54K,-0.79%
9,2018년 12월 17일,24.19,24.85,24.88,23.36,1.03M,-2.54%
10,2018년 12월 14일,24.82,25.49,25.8,24.82,559.84K,-3.12%
11,2018년 12월 13일,25.62,25.82,25.98,25.14,1.44M,-0.85%
12,2018년 12월 12일,25.84,26.43,26.59,25.55,561.31K,-1.60%
13,2018년 12월 11일,26.26,26.1,26.32,25.1,507.89K,1.63%
14,2018년 12월 10일,25.84,26.09,26.19,25.42,439.07K,-1.37%
15,2018년 12월 07일,26.2,27.34,27.92,26.1,507.36K,-2.86%
16,2018년 12월 06일,26.97,26.29,27.09,25.93,693.41K,1.09%
17,2018년 12월 04일,26.68,27.18,27.59,26.68,574.41K,-1.88%
18,2018년 12월 03일,27.19,27.6,27.81,26.53,542.83K,0.89%
19,2018년 11월 30일,26.95,27.1,27.67,26.15,396.09K,-2.04%
20,2018년 11월 29일,27.51,27.92,27.92,27.2,435.48K,-1.29%
21,2018년 11월 28일,27.87,27.35,27.87,26.92,554.16K,1.75%
22,2018년 11월 27일,27.39,25.34,27.63,25.34,1.02M,8.13%
23,2018년 11월 26일,25.33,25.28,25.89,24.66,575.66K,1.04%
24,2018년 11월 23일,25.07,26.41,26.65,24.83,267.33K,-6.59%
25,2018년 11월 21일,26.84,26.42,27.06,26.19,444.55K,2.17%
26,2018년 11월 20일,26.27,26.28,27.22,25.97,627.99K,-0.94%
27,2018년 11월 19일,26.52,26.33,27.12,25.94,547.83K,-0.26%
28,2018년 11월 16일,26.59,26.21,26.71,25.92,789.71K,1.22%
29,2018년 11월 15일,26.27,26.02,26.78,25.85,623.22K,0.61%
30,2018년 11월 14일,26.11,25.45,26.6,25.3,661.47K,3.69%
31,2018년 11월 13일,25.18,25.23,25.75,24.54,596.72K,0.36%
32,2018년 11월 12일,25.09,25.77,26.03,25.08,1.87M,-2.41%
33,2018년 11월 09일,25.71,24.84,25.86,24.84,459.00K,2.86%
34,2018년 11월 08일,25.0,24.8,25.45,24.09,628.74K,0.26%
35,2018년 11월 07일,24.93,28.24,28.56,23.2,1.75M,-13.71%
36,2018년 11월 06일,28.89,28.36,29.35,27.64,952.65K,2.01%
37,2018년 11월 05일,28.32,29.05,29.79,28.16,599.09K,-1.29%
38,2018년 11월 02일,28.69,31.49,31.5,28.66,829.33K,-8.07%
39,2018년 11월 01일,31.21,31.0,31.63,30.55,866.05K,0.42%
40,2018년 10월 31일,31.08,31.72,32.52,31.05,857.35K,-0.77%
41,2018년 10월 30일,31.32,29.17,31.35,29.17,625.85K,6.57%
42,2018년 10월 29일,29.39,30.18,30.5,29.01,739.95K,-0.68%
43,2018년 10월 26일,29.59,27.87,30.34,27.62,893.97K,5.30%
44,2018년 10월 25일,28.1,27.74,28.41,27.61,964.13K,2.18%
45,2018년 10월 24일,27.5,28.99,29.07,27.49,1.18M,-4.88%
46,2018년 10월 23일,28.91,28.3,29.11,27.27,867.01K,-0.03%
47,2018년 10월 22일,28.92,29.83,30.36,28.49,682.86K,-2.33%
48,2018년 10월 19일,29.61,31.09,31.39,29.28,1.61M,-4.91%
49,2018년 10월 18일,31.14,29.98,31.62,29.98,1.14M,3.87%
50,2018년 10월 17일,29.98,30.17,30.4,29.38,743.79K,0.37%
51,2018년 10월 16일,29.87,28.61,30.04,28.61,4.92M,4.55%
52,2018년 10월 15일,28.57,27.48,28.67,27.04,915.40K,5.97%
53,2018년 10월 12일,26.96,26.74,27.56,26.44,484.60K,2.16%
54,2018년 10월 11일,26.39,25.5,27.41,25.01,1.39M,1.19%
55,2018년 10월 10일,26.08,27.78,27.78,26.03,622.56K,-5.98%
56,2018년 10월 09일,27.74,27.86,28.13,27.3,609.24K,-0.25%
57,2018년 10월 08일,27.81,28.26,28.34,27.22,740.87K,-2.35%
58,2018년 10월 05일,28.48,27.83,28.7,27.37,413.53K,2.01%
59,2018년 10월 04일,27.92,28.69,28.7,27.5,932.17K,-2.75%
60,2018년 10월 03일,28.71,28.33,28.83,27.94,825.58K,1.45%
61,2018년 10월 02일,28.3,27.93,28.52,27.72,670.10K,1.65%
62,2018년 10월 01일,27.84,28.86,29.58,27.46,735.40K,-3.33%
63,2018년 09월 28일,28.8,27.85,28.8,27.85,749.81K,3.41%
64,2018년 09월 27일,27.85,27.25,28.05,26.85,603.63K,2.20%
65,2018년 09월 26일,27.25,27.1,27.98,26.46,593.15K,0.18%
66,2018년 09월 25일,27.2,27.8,27.8,26.83,497.26K,-0.55%
67,2018년 09월 24일,27.35,27.5,27.95,26.95,680.79K,0.18%
68,2018년 09월 21일,27.3,26.0,27.3,26.0,1.61M,4.40%
69,2018년 09월 20일,26.15,26.85,26.95,25.75,776.99K,-2.24%
70,2018년 09월 19일,26.75,27.5,27.7,26.52,581.77K,-3.08%
71,2018년 09월 18일,27.6,27.3,28.15,27.05,598.90K,1.28%
72,2018년 09월 17일,27.25,27.35,27.85,27.05,511.51K,0.18%
73,2018년 09월 14일,27.2,27.84,27.9,27.05,518.59K,-1.98%
74,2018년 09월 13일,27.75,27.95,28.15,27.35,3.61M,-0.18%
75,2018년 09월 12일,27.8,27.2,27.88,27.05,1.33M,2.58%
76,2018년 09월 11일,27.1,26.6,27.4,26.1,695.80K,1.31%
77,2018년 09월 10일,26.75,26.2,26.75,25.85,861.12K,2.10%
78,2018년 09월 07일,26.2,26.1,26.5,25.85,597.04K,0.58%
79,2018년 09월 06일,26.05,27.5,27.89,26.0,801.11K,-5.27%
80,2018년 09월 05일,27.5,27.0,27.95,26.7,1.29M,2.42%
81,2018년 09월 04일,26.85,27.05,27.35,26.45,1.35M,-0.37%
82,2018년 08월 31일,26.95,26.4,27.15,25.8,998.33K,2.28%
83,2018년 08월 30일,26.35,25.9,26.73,25.45,705.23K,0.57%
84,2018년 08월 29일,26.2,25.9,26.25,25.6,596.24K,1.75%
85,2018년 08월 28일,25.75,26.35,26.75,25.2,846.24K,-2.65%
86,2018년 08월 27일,26.45,26.9,26.95,26.1,653.16K,0.19%
87,2018년 08월 24일,26.4,26.65,26.83,26.3,867.67K,-0.94%
88,2018년 08월 23일,26.65,26.0,26.7,25.5,823.07K,2.50%
89,2018년 08월 22일,26.0,25.15,26.2,25.15,1.06M,3.79%
90,2018년 08월 21일,25.05,24.35,25.1,23.9,861.63K,3.30%
91,2018년 08월 20일,24.25,23.4,24.55,23.4,1.10M,4.98%
92,2018년 08월 17일,23.1,22.35,23.24,21.77,737.77K,3.13%
93,2018년 08월 16일,22.4,21.9,22.95,21.9,816.66K,2.99%
94,2018년 08월 15일,21.75,21.7,22.17,21.1,727.58K,0.58%
95,2018년 08월 14일,21.63,21.45,21.65,21.2,407.34K,1.29%
96,2018년 08월 13일,21.35,21.15,21.7,20.95,670.89K,1.43%
97,2018년 08월 10일,21.05,20.05,21.4,20.05,1.13M,3.95%
98,2018년 08월 09일,20.25,20.55,20.9,20.0,1.30M,-0.49%
99,2018년 08월 08일,20.35,20.45,20.73,20.2,1.10M,-0.25%
100,2018년 08월 07일,20.4,18.95,21.5,18.75,2.44M,14.29%
101,2018년 08월 06일,17.85,17.7,17.95,17.45,531.86K,1.42%
102,2018년 08월 03일,17.6,17.8,17.83,17.35,528.40K,-0.85%
103,2018년 08월 02일,17.75,17.35,17.75,17.2,654.15K,1.43%
104,2018년 08월 01일,17.5,17.1,17.55,17.0,571.03K,2.64%
105,2018년 07월 31일,17.05,16.8,17.1,16.7,479.81K,1.19%
106,2018년 07월 30일,16.85,16.5,17.1,16.5,477.12K,1.81%
107,2018년 07월 27일,16.55,16.55,16.65,16.4,443.74K,0.61%
108,2018년 07월 26일,16.45,16.55,16.67,16.25,600.46K,-0.60%
109,2018년 07월 25일,16.55,16.5,16.63,16.3,508.82K,0.00%
110,2018년 07월 24일,16.55,16.4,16.65,16.25,362.82K,1.85%
111,2018년 07월 23일,16.25,16.6,16.65,16.05,306.21K,-2.69%
112,2018년 07월 20일,16.7,17.05,17.05,16.5,349.72K,-2.05%
113,2018년 07월 19일,17.05,17.15,17.44,16.9,385.78K,-0.58%
114,2018년 07월 18일,17.15,16.8,17.2,16.75,591.24K,2.08%
115,2018년 07월 17일,16.8,16.8,17.0,16.7,387.33K,-0.59%
116,2018년 07월 16일,16.9,17.25,17.3,16.75,339.63K,-2.31%
117,2018년 07월 13일,17.3,17.4,17.7,17.25,429.12K,0.00%
118,2018년 07월 12일,17.3,17.3,17.45,17.08,406.32K,0.00%
119,2018년 07월 11일,17.3,17.3,17.55,17.05,324.40K,0.00%
120,2018년 07월 10일,17.3,17.3,17.6,17.25,407.03K,0.87%
121,2018년 07월 09일,17.15,17.05,17.35,17.05,374.05K,-0.29%
122,2018년 07월 06일,17.2,17.25,17.35,17.05,240.48K,-0.58%
123,2018년 07월 05일,17.3,17.4,17.4,17.05,672.35K,0.29%
124,2018년 07월 03일,17.25,17.65,17.77,17.2,253.23K,-1.43%
125,2018년 07월 02일,17.5,18.0,18.0,17.35,399.40K,-1.96%
126,2018년 06월 29일,17.85,17.65,17.98,17.6,707.56K,1.71%
127,2018년 06월 28일,17.55,17.7,17.9,17.55,626.05K,-1.13%
128,2018년 06월 27일,17.75,17.95,18.06,17.6,464.96K,-1.11%
129,2018년 06월 26일,17.95,18.25,18.3,17.6,726.85K,-0.55%
130,2018년 06월 25일,18.05,17.9,18.05,17.5,484.37K,0.56%
131,2018년 06월 22일,17.95,17.4,18.05,17.4,759.70K,3.16%
132,2018년 06월 21일,17.4,18.05,18.05,17.2,1.88M,-3.60%
133,2018년 06월 20일,18.05,18.25,18.45,17.7,777.54K,-0.82%
134,2018년 06월 19일,18.2,18.1,18.25,17.83,851.09K,0.00%
135,2018년 06월 18일,18.2,17.15,18.3,17.0,973.11K,5.51%
136,2018년 06월 15일,17.25,17.1,17.55,17.1,1.37M,0.58%
137,2018년 06월 14일,17.15,16.9,17.45,16.7,545.79K,1.18%
138,2018년 06월 13일,16.95,17.2,17.35,16.6,786.77K,-1.74%
139,2018년 06월 12일,17.25,17.5,17.7,17.05,589.99K,-1.71%
140,2018년 06월 11일,17.55,18.1,18.35,17.35,994.44K,-3.04%
141,2018년 06월 08일,18.1,17.95,18.13,17.75,1.21M,0.84%
142,2018년 06월 07일,17.95,17.75,18.02,17.75,704.60K,1.13%
143,2018년 06월 06일,17.75,17.6,17.95,17.35,909.19K,1.43%
144,2018년 06월 05일,17.5,17.55,17.65,17.35,709.34K,0.00%
145,2018년 06월 04일,17.5,17.7,17.75,17.31,572.54K,-0.85%
146,2018년 06월 01일,17.65,17.85,18.0,17.4,591.54K,-1.12%
147,2018년 05월 31일,17.85,17.85,17.95,17.73,418.93K,0.00%
148,2018년 05월 30일,17.85,18.0,18.15,17.75,706.35K,-0.83%
149,2018년 05월 29일,18.0,17.6,18.1,17.55,1.20M,2.27%
150,2018년 05월 25일,17.6,17.5,17.65,17.33,626.87K,0.00%
151,2018년 05월 24일,17.6,17.55,17.75,17.25,1.09M,1.15%
152,2018년 05월 23일,17.4,17.3,17.48,16.9,1.15M,0.29%
153,2018년 05월 22일,17.35,17.55,17.75,17.15,1.12M,-1.14%
154,2018년 05월 21일,17.55,17.1,17.85,17.1,2.12M,3.54%
155,2018년 05월 18일,16.95,16.75,17.1,16.6,1.54M,1.80%
156,2018년 05월 17일,16.65,15.95,16.8,15.8,2.46M,6.39%
157,2018년 05월 16일,15.65,15.55,15.85,15.5,1.66M,1.29%
158,2018년 05월 15일,15.45,15.0,15.45,14.8,2.87M,2.32%
159,2018년 05월 14일,15.1,15.0,15.48,14.8,10.81M,9.82%
160,2018년 05월 11일,13.75,13.65,13.82,13.65,442.86K,0.36%
161,2018년 05월 10일,13.7,13.5,13.75,13.4,449.36K,1.48%
162,2018년 05월 09일,13.5,13.5,13.52,13.3,745.25K,0.37%
163,2018년 05월 08일,13.45,13.2,13.48,13.15,500.21K,1.51%
164,2018년 05월 07일,13.25,13.15,13.6,13.05,1.42M,0.38%
165,2018년 05월 04일,13.2,12.85,13.3,12.5,1.31M,-1.12%
166,2018년 05월 03일,13.35,13.2,13.35,13.05,412.59K,0.38%
167,2018년 05월 02일,13.3,13.2,13.38,13.18,298.91K,1.14%
168,2018년 05월 01일,13.15,12.85,13.25,12.75,392.79K,1.94%
169,2018년 04월 30일,12.9,13.05,13.2,12.8,437.06K,-1.90%
170,2018년 04월 27일,13.15,13.25,13.4,13.0,357.85K,-0.75%
171,2018년 04월 26일,13.25,13.1,13.3,13.0,364.97K,1.92%
172,2018년 04월 25일,13.0,13.0,13.15,12.85,589.27K,-0.38%
173,2018년 04월 24일,13.05,13.0,13.2,12.85,387.73K,0.38%
174,2018년 04월 23일,13.0,13.0,13.2,12.85,651.99K,0.39%
175,2018년 04월 20일,12.95,12.85,13.15,12.75,903.94K,0.00%
176,2018년 04월 19일,12.95,13.4,13.4,12.77,453.92K,-3.00%
177,2018년 04월 18일,13.35,13.1,13.5,13.07,830.30K,1.91%
178,2018년 04월 17일,13.1,13.4,13.5,13.1,588.17K,-2.24%
179,2018년 04월 16일,13.4,13.4,13.5,12.95,787.98K,-0.74%
180,2018년 04월 13일,13.5,13.5,13.55,13.15,354.13K,0.37%
181,2018년 04월 12일,13.45,13.4,13.6,13.38,430.67K,-0.37%
182,2018년 04월 11일,13.5,13.5,13.65,13.45,474.06K,0.00%
183,2018년 04월 10일,13.5,13.55,13.75,13.45,493.76K,0.00%
184,2018년 04월 09일,13.5,14.0,14.04,13.38,672.60K,-2.17%
185,2018년 04월 06일,13.8,13.65,13.95,13.6,925.83K,0.73%
186,2018년 04월 05일,13.7,13.4,14.1,13.4,1.70M,3.79%
187,2018년 04월 04일,13.2,12.95,13.45,12.6,778.90K,1.54%
188,2018년 04월 03일,13.0,12.85,13.07,12.73,476.69K,1.56%
189,2018년 04월 02일,12.8,12.85,13.0,12.75,443.80K,0.00%
190,2018년 03월 29일,12.8,12.7,12.95,12.65,730.66K,1.59%
191,2018년 03월 28일,12.6,12.65,12.9,12.6,505.80K,-0.40%
192,2018년 03월 27일,12.65,12.75,13.05,12.6,637.36K,0.00%
193,2018년 03월 26일,12.65,12.3,12.75,12.25,684.66K,4.55%
194,2018년 03월 23일,12.1,12.35,12.35,12.1,491.60K,-0.82%
195,2018년 03월 22일,12.2,12.25,12.35,12.1,661.48K,-0.81%
196,2018년 03월 21일,12.3,12.15,12.35,12.05,406.73K,0.41%
197,2018년 03월 20일,12.25,12.25,12.55,12.1,544.06K,0.00%
198,2018년 03월 19일,12.25,12.05,12.35,12.0,532.15K,1.66%
199,2018년 03월 16일,12.05,11.7,12.15,11.7,743.84K,2.55%
200,2018년 03월 15일,11.75,11.3,11.8,11.3,682.47K,3.98%
201,2018년 03월 14일,11.3,11.2,11.35,11.0,847.30K,2.26%
202,2018년 03월 13일,11.05,11.0,11.2,10.87,630.94K,1.38%
203,2018년 03월 12일,10.9,11.3,11.3,10.85,440.61K,-2.68%
204,2018년 03월 09일,11.2,11.05,11.35,10.92,961.83K,2.75%
205,2018년 03월 08일,10.9,10.85,11.0,10.65,388.79K,0.46%
206,2018년 03월 07일,10.85,10.8,11.05,10.65,363.99K,-0.46%
207,2018년 03월 06일,10.9,10.9,11.0,10.75,451.89K,0.00%
208,2018년 03월 05일,10.9,10.9,11.05,10.8,347.14K,0.00%
209,2018년 03월 02일,10.9,10.75,11.1,10.75,690.04K,0.93%
210,2018년 03월 01일,10.8,11.05,11.13,10.77,373.99K,-2.70%
211,2018년 02월 28일,11.1,11.05,11.38,11.05,297.75K,0.91%
212,2018년 02월 27일,11.0,11.3,11.45,11.0,243.27K,-2.22%
213,2018년 02월 26일,11.25,11.35,11.4,11.15,324.66K,-0.88%
214,2018년 02월 23일,11.35,11.55,11.57,11.2,231.99K,-0.87%
215,2018년 02월 22일,11.45,11.6,11.75,11.4,390.85K,-1.29%
216,2018년 02월 21일,11.6,11.45,11.65,11.4,550.82K,2.20%
217,2018년 02월 20일,11.35,11.6,11.65,11.27,354.35K,-2.58%
218,2018년 02월 16일,11.65,11.2,11.7,11.2,348.49K,3.56%
219,2018년 02월 15일,11.25,11.05,11.25,10.9,202.57K,1.81%
220,2018년 02월 14일,11.05,10.8,11.15,10.55,241.62K,1.84%
221,2018년 02월 13일,10.85,10.75,11.0,10.36,294.91K,0.00%
222,2018년 02월 12일,10.85,11.0,11.15,10.75,371.95K,-1.36%
223,2018년 02월 09일,11.0,10.5,11.1,10.5,1.08M,6.80%
224,2018년 02월 08일,10.3,9.95,10.4,9.7,709.03K,4.04%
225,2018년 02월 07일,9.9,9.85,10.1,9.65,430.61K,0.51%
226,2018년 02월 06일,9.85,9.65,10.0,9.5,428.68K,0.51%
227,2018년 02월 05일,9.8,10.15,10.3,9.8,415.93K,-4.39%
228,2018년 02월 02일,10.25,10.25,10.45,10.05,568.14K,-1.44%
229,2018년 02월 01일,10.4,10.65,10.8,10.35,254.00K,-2.80%
230,2018년 01월 31일,10.7,10.65,10.9,10.6,252.52K,0.94%
231,2018년 01월 30일,10.6,10.7,10.7,10.45,299.33K,-0.93%
232,2018년 01월 29일,10.7,11.0,11.0,10.65,551.99K,-2.73%
233,2018년 01월 26일,11.0,11.0,11.15,10.85,340.45K,0.46%
234,2018년 01월 25일,10.95,11.0,11.1,10.85,541.14K,0.00%
235,2018년 01월 24일,10.95,10.95,11.1,10.9,205.41K,0.46%
236,2018년 01월 23일,10.9,11.0,11.05,10.85,159.63K,-0.46%
237,2018년 01월 22일,10.95,11.05,11.2,10.8,241.81K,-0.90%
238,2018년 01월 19일,11.05,10.85,11.05,10.8,236.22K,1.38%
239,2018년 01월 18일,10.9,11.15,11.2,10.85,322.16K,-2.02%
240,2018년 01월 17일,11.13,11.1,11.27,10.9,270.96K,1.14%
241,2018년 01월 16일,11.0,11.2,11.4,11.0,313.84K,-2.22%
242,2018년 01월 12일,11.25,11.2,11.35,11.15,221.70K,-0.44%
243,2018년 01월 11일,11.3,10.95,11.35,10.95,181.68K,2.73%
244,2018년 01월 10일,11.0,11.0,11.1,10.85,342.03K,-0.45%
245,2018년 01월 09일,11.05,11.0,11.15,10.75,435.50K,0.00%
246,2018년 01월 08일,11.05,11.2,11.4,10.85,622.89K,-2.21%
247,2018년 01월 05일,11.3,11.6,11.65,11.23,401.07K,-2.16%
248,2018년 01월 04일,11.55,11.8,11.9,11.5,814.27K,-1.70%
249,2018년 01월 03일,11.75,11.85,11.95,11.7,315.14K,-1.26%
250,2018년 01월 02일,11.9,11.95,12.0,11.75,299.91K,0.85%
0,2017년 12월 29일,11.8,12.0,12.05,11.8,304.30K,-1.67%
1,2017년 12월 28일,12.0,11.85,12.05,11.75,266.21K,1.27%
2,2017년 12월 27일,11.85,11.55,11.98,11.5,274.56K,3.04%
3,2017년 12월 26일,11.5,11.6,11.9,11.48,362.22K,-2.13%
4,2017년 12월 22일,11.75,11.9,12.05,11.75,388.54K,-1.67%
5,2017년 12월 21일,11.95,11.85,12.1,11.85,397.67K,1.27%
6,2017년 12월 20일,11.8,11.8,12.0,11.75,600.53K,0.00%
7,2017년 12월 19일,11.8,11.45,11.95,11.3,664.99K,3.96%
8,2017년 12월 18일,11.35,11.4,11.5,11.25,245.89K,0.00%
9,2017년 12월 15일,11.35,11.0,11.45,10.88,674.90K,4.13%
10,2017년 12월 14일,10.9,11.0,11.1,10.85,275.47K,-0.91%
11,2017년 12월 13일,11.0,11.45,11.65,10.95,436.05K,-3.51%
12,2017년 12월 12일,11.4,11.75,11.75,11.32,313.38K,-2.56%
13,2017년 12월 11일,11.7,11.55,11.8,11.55,375.90K,1.30%
14,2017년 12월 08일,11.55,11.55,11.7,11.5,240.41K,0.43%
15,2017년 12월 07일,11.5,11.4,11.55,11.2,360.63K,0.88%
16,2017년 12월 06일,11.4,11.35,11.6,11.15,630.62K,0.88%
17,2017년 12월 05일,11.3,11.2,11.52,11.18,427.50K,1.35%
18,2017년 12월 04일,11.15,11.45,11.55,11.13,563.38K,-2.19%
19,2017년 12월 01일,11.4,11.35,11.5,11.18,350.31K,0.44%
20,2017년 11월 30일,11.35,10.95,11.45,10.95,439.39K,4.61%
21,2017년 11월 29일,10.85,10.8,10.95,10.77,234.82K,0.46%
22,2017년 11월 28일,10.8,10.9,11.15,10.77,278.89K,-0.92%
23,2017년 11월 27일,10.9,11.15,11.18,10.82,337.18K,-2.68%
24,2017년 11월 24일,11.2,11.25,11.3,11.15,104.88K,0.45%
25,2017년 11월 22일,11.15,11.25,11.4,11.1,167.93K,-0.89%
26,2017년 11월 21일,11.25,11.25,11.45,11.2,225.18K,0.00%
27,2017년 11월 20일,11.25,10.95,11.35,10.85,249.77K,3.21%
28,2017년 11월 17일,10.9,10.85,11.05,10.7,214.11K,0.00%
29,2017년 11월 16일,10.9,10.6,11.02,10.45,561.70K,2.83%
30,2017년 11월 15일,10.6,10.85,11.15,10.55,345.32K,-3.64%
31,2017년 11월 14일,11.0,11.15,11.35,10.95,459.76K,-0.90%
32,2017년 11월 13일,11.1,11.2,11.45,10.9,713.47K,-2.20%
33,2017년 11월 10일,11.35,11.55,11.85,11.2,340.96K,-1.30%
34,2017년 11월 09일,11.5,11.9,12.0,11.5,486.99K,-4.17%
35,2017년 11월 08일,12.0,11.9,12.4,11.82,759.75K,1.69%
36,2017년 11월 07일,11.8,11.65,11.85,11.52,435.57K,0.85%
37,2017년 11월 06일,11.7,11.5,11.73,11.5,271.79K,1.30%
38,2017년 11월 03일,11.55,11.6,11.75,11.45,262.90K,-0.86%
39,2017년 11월 02일,11.65,11.85,11.93,11.6,229.82K,-1.48%
40,2017년 11월 01일,11.82,12.2,12.2,11.7,210.95K,-2.27%
41,2017년 10월 31일,12.1,12.05,12.23,11.9,431.03K,0.83%
42,2017년 10월 30일,12.0,12.0,12.15,11.93,156.96K,-0.83%
43,2017년 10월 27일,12.1,12.05,12.15,11.85,199.08K,1.26%
44,2017년 10월 26일,11.95,12.05,12.15,11.95,151.96K,-0.42%
45,2017년 10월 25일,12.0,12.1,12.1,11.85,382.37K,-0.83%
46,2017년 10월 24일,12.1,12.0,12.15,11.93,149.06K,1.68%
47,2017년 10월 23일,11.9,12.05,12.15,11.88,425.85K,-1.24%
48,2017년 10월 20일,12.05,11.8,12.2,11.55,469.35K,2.99%
49,2017년 10월 19일,11.7,11.45,11.8,11.13,534.64K,0.86%
50,2017년 10월 18일,11.6,11.25,11.7,11.1,748.17K,3.57%
51,2017년 10월 17일,11.2,11.45,11.5,11.15,206.95K,-1.75%
52,2017년 10월 16일,11.4,11.55,11.65,11.35,319.43K,-0.87%
53,2017년 10월 13일,11.5,11.7,11.7,11.5,158.49K,-0.43%
54,2017년 10월 12일,11.55,11.6,11.7,11.5,312.54K,-1.28%
55,2017년 10월 11일,11.7,11.8,11.85,11.63,477.17K,-0.43%
56,2017년 10월 10일,11.75,11.7,11.8,11.55,446.15K,1.29%
57,2017년 10월 09일,11.6,11.65,11.75,11.55,253.99K,0.00%
58,2017년 10월 06일,11.6,12.1,12.18,11.6,450.81K,-4.13%
59,2017년 10월 05일,12.1,12.15,12.38,12.1,369.06K,-0.82%
60,2017년 10월 04일,12.2,12.4,12.45,12.1,254.69K,-1.61%
61,2017년 10월 03일,12.4,12.35,12.45,12.25,306.14K,0.40%
62,2017년 10월 02일,12.35,12.1,12.55,12.1,466.24K,1.65%
63,2017년 09월 29일,12.15,12.2,12.45,12.07,425.85K,-0.41%
64,2017년 09월 28일,12.2,12.5,12.55,12.07,448.61K,-2.01%
65,2017년 09월 27일,12.45,13.35,13.35,12.38,1.72M,-6.04%
66,2017년 09월 26일,13.25,13.4,13.45,13.15,634.80K,-0.75%
67,2017년 09월 25일,13.35,13.25,13.5,13.25,244.18K,1.52%
68,2017년 09월 22일,13.15,13.2,13.35,13.1,293.08K,0.38%
69,2017년 09월 21일,13.1,13.3,13.45,13.1,268.82K,-2.24%
70,2017년 09월 20일,13.4,12.9,13.55,12.85,739.28K,3.88%
71,2017년 09월 19일,12.9,13.0,13.15,12.8,148.36K,-0.77%
72,2017년 09월 18일,13.0,12.95,13.1,12.8,386.22K,0.39%
73,2017년 09월 15일,12.95,12.8,12.95,12.6,1.11M,1.57%
74,2017년 09월 14일,12.75,12.7,12.88,12.48,325.92K,0.00%
75,2017년 09월 13일,12.75,12.55,12.75,12.55,278.49K,1.19%
76,2017년 09월 12일,12.6,12.25,12.63,12.08,275.87K,3.28%
77,2017년 09월 11일,12.2,12.15,12.3,12.0,223.24K,1.24%
78,2017년 09월 08일,12.05,12.3,12.45,12.0,216.50K,-1.63%
79,2017년 09월 07일,12.25,12.1,12.3,11.9,154.74K,0.82%
80,2017년 09월 06일,12.15,12.25,12.35,12.05,214.21K,-0.82%
81,2017년 09월 05일,12.25,12.3,12.35,11.85,405.83K,0.00%
82,2017년 09월 01일,12.25,12.1,12.25,11.95,228.13K,1.24%
83,2017년 08월 31일,12.1,12.15,12.27,12.0,300.09K,0.00%
84,2017년 08월 30일,12.1,12.0,12.15,11.95,278.77K,0.41%
85,2017년 08월 29일,12.05,11.95,12.05,11.85,212.38K,0.42%
86,2017년 08월 28일,12.0,12.1,12.1,11.85,271.40K,0.00%
87,2017년 08월 25일,12.0,11.75,12.0,11.75,221.05K,2.13%
88,2017년 08월 24일,11.75,11.6,11.8,11.55,201.14K,1.29%
89,2017년 08월 23일,11.6,11.6,11.95,11.4,901.84K,3.57%
90,2017년 08월 22일,11.2,11.1,11.85,11.05,833.27K,0.90%
91,2017년 08월 21일,11.1,11.1,11.15,10.9,364.24K,0.00%
92,2017년 08월 18일,11.1,10.9,11.25,10.76,396.35K,1.37%
93,2017년 08월 17일,10.95,11.1,11.32,10.95,391.29K,-1.79%
94,2017년 08월 16일,11.15,11.5,11.6,11.15,556.79K,-3.04%
95,2017년 08월 15일,11.5,11.6,11.63,11.45,458.01K,-0.86%
96,2017년 08월 14일,11.6,11.6,11.8,11.47,685.42K,0.43%
97,2017년 08월 11일,11.55,11.6,11.68,11.5,407.57K,0.00%
98,2017년 08월 10일,11.55,11.6,11.7,11.45,716.47K,-0.86%
99,2017년 08월 09일,11.65,11.7,11.8,11.45,918.85K,-0.85%
100,2017년 08월 08일,11.75,12.0,12.15,11.52,709.81K,-2.29%
101,2017년 08월 07일,12.02,11.9,12.15,11.75,326.73K,0.21%
102,2017년 08월 04일,12.0,11.7,12.4,11.2,833.17K,-5.51%
103,2017년 08월 03일,12.7,12.55,12.7,12.45,491.52K,1.20%
104,2017년 08월 02일,12.55,12.6,12.88,12.5,275.94K,-0.79%
105,2017년 08월 01일,12.65,12.5,12.75,12.45,322.99K,1.20%
106,2017년 07월 31일,12.5,12.5,12.65,12.4,436.20K,-0.40%
107,2017년 07월 28일,12.55,12.55,12.65,12.35,302.04K,-0.40%
108,2017년 07월 27일,12.6,12.65,12.7,12.45,265.53K,0.00%
109,2017년 07월 26일,12.6,12.85,12.85,12.48,313.91K,-1.18%
110,2017년 07월 25일,12.75,12.85,12.99,12.65,432.73K,0.00%
111,2017년 07월 24일,12.75,12.55,12.85,12.4,431.79K,1.59%
112,2017년 07월 21일,12.55,12.5,12.57,12.27,475.89K,1.21%
113,2017년 07월 20일,12.4,12.35,12.48,12.25,227.67K,0.81%
114,2017년 07월 19일,12.3,12.25,12.5,12.23,211.74K,0.41%
115,2017년 07월 18일,12.25,12.3,12.35,12.2,239.58K,-0.41%
116,2017년 07월 17일,12.3,12.1,12.4,11.98,370.34K,0.41%
117,2017년 07월 14일,12.25,12.15,12.25,12.05,260.57K,0.41%
118,2017년 07월 13일,12.2,12.15,12.25,11.95,386.13K,0.83%
119,2017년 07월 12일,12.1,12.1,12.3,11.95,484.80K,0.41%
120,2017년 07월 11일,12.05,12.45,12.5,12.0,434.49K,-2.82%
121,2017년 07월 10일,12.4,12.1,12.5,12.0,789.72K,0.81%
122,2017년 07월 07일,12.3,12.2,12.35,11.85,466.04K,-0.40%
123,2017년 07월 06일,12.35,12.35,12.5,12.25,542.95K,-0.40%
124,2017년 07월 05일,12.4,13.0,13.05,11.75,1.05M,-5.34%
125,2017년 07월 03일,13.1,13.05,13.39,12.95,484.99K,1.16%
126,2017년 06월 30일,12.95,12.95,13.05,12.8,728.80K,1.57%
127,2017년 06월 29일,12.75,12.6,12.8,12.48,450.70K,1.59%
128,2017년 06월 28일,12.55,12.75,12.88,12.5,466.90K,-0.79%
129,2017년 06월 27일,12.65,12.9,13.0,12.6,553.59K,-1.17%
130,2017년 06월 26일,12.8,12.7,12.95,12.45,1.19M,2.40%
131,2017년 06월 23일,12.5,12.05,12.55,11.85,801.02K,4.17%
132,2017년 06월 22일,12.0,12.1,12.1,11.95,343.33K,-0.83%
133,2017년 06월 21일,12.1,12.45,12.55,11.9,534.15K,-2.02%
134,2017년 06월 20일,12.35,11.9,12.35,11.75,411.36K,2.92%
135,2017년 06월 19일,12.0,12.4,12.5,11.95,331.77K,-3.03%
136,2017년 06월 16일,12.38,12.15,12.45,12.15,1.31M,1.43%
137,2017년 06월 15일,12.2,11.9,12.3,11.85,435.34K,1.67%
138,2017년 06월 14일,12.0,11.95,12.0,11.55,929.41K,0.42%
139,2017년 06월 13일,11.95,11.85,11.98,11.75,273.65K,1.27%
140,2017년 06월 12일,11.8,11.5,12.05,11.48,446.63K,3.51%
141,2017년 06월 09일,11.4,11.25,11.55,11.15,429.55K,1.79%
142,2017년 06월 08일,11.2,11.1,11.25,10.97,287.43K,1.36%
143,2017년 06월 07일,11.05,11.2,11.25,10.95,291.25K,-2.64%
144,2017년 06월 06일,11.35,11.2,11.5,11.2,282.14K,0.00%
145,2017년 06월 05일,11.35,11.45,11.5,11.3,281.62K,-0.87%
146,2017년 06월 02일,11.45,11.4,11.5,11.35,333.00K,0.00%
147,2017년 06월 01일,11.45,11.4,11.57,11.3,364.62K,1.33%
148,2017년 05월 31일,11.3,11.05,11.35,10.85,367.82K,2.26%
149,2017년 05월 30일,11.05,11.3,11.4,11.05,387.45K,-2.21%
150,2017년 05월 26일,11.3,11.3,11.35,11.05,355.29K,0.00%
151,2017년 05월 25일,11.3,11.35,11.5,11.23,312.25K,0.00%
152,2017년 05월 24일,11.3,11.35,11.4,11.25,299.91K,0.00%
153,2017년 05월 23일,11.3,11.4,11.49,11.23,250.29K,-0.44%
154,2017년 05월 22일,11.35,11.4,11.5,11.3,226.26K,-0.44%
155,2017년 05월 19일,11.4,11.55,11.55,11.3,272.19K,-0.87%
156,2017년 05월 18일,11.5,11.15,11.5,11.1,316.04K,3.14%
157,2017년 05월 17일,11.15,11.35,11.4,11.05,318.10K,-3.04%
158,2017년 05월 16일,11.5,11.4,11.52,11.3,343.81K,0.88%
159,2017년 05월 15일,11.4,11.65,11.75,11.35,402.86K,-2.15%
160,2017년 05월 12일,11.65,11.85,11.85,11.6,349.99K,-1.69%
161,2017년 05월 11일,11.85,12.45,12.45,11.8,327.70K,-4.82%
162,2017년 05월 10일,12.45,12.5,12.65,12.35,413.31K,-0.40%
163,2017년 05월 09일,12.5,12.25,12.65,12.15,610.99K,2.04%
164,2017년 05월 08일,12.25,12.0,12.35,11.8,718.90K,3.81%
165,2017년 05월 05일,11.8,11.9,11.9,10.45,1.45M,16.26%
166,2017년 05월 04일,10.15,10.35,10.35,9.95,166.64K,-1.46%
167,2017년 05월 03일,10.3,10.45,10.45,10.15,226.92K,-2.37%
168,2017년 05월 02일,10.55,10.6,10.65,10.4,219.35K,0.00%
169,2017년 05월 01일,10.55,10.5,10.65,10.25,361.11K,0.96%
170,2017년 04월 28일,10.45,10.55,10.55,10.35,253.22K,-0.95%
171,2017년 04월 27일,10.55,10.45,10.6,10.25,224.79K,0.72%
172,2017년 04월 26일,10.48,10.5,10.55,10.4,249.15K,-0.24%
173,2017년 04월 25일,10.5,10.2,10.5,10.2,208.66K,1.45%
174,2017년 04월 24일,10.35,10.4,10.4,10.25,264.10K,0.49%
175,2017년 04월 21일,10.3,10.25,10.38,10.15,367.93K,0.49%
176,2017년 04월 20일,10.25,10.15,10.35,10.02,192.47K,1.49%
177,2017년 04월 19일,10.1,10.0,10.2,10.0,395.94K,1.51%
178,2017년 04월 18일,9.95,10.15,10.15,9.85,355.49K,-2.45%
179,2017년 04월 17일,10.2,10.0,10.25,9.85,308.00K,3.03%
180,2017년 04월 13일,9.9,10.2,10.2,9.9,275.65K,-2.94%
181,2017년 04월 12일,10.2,10.3,10.35,10.15,177.63K,-0.97%
182,2017년 04월 11일,10.3,10.2,10.35,10.2,215.03K,0.49%
183,2017년 04월 10일,10.25,9.95,10.4,9.95,295.74K,3.02%
184,2017년 04월 07일,9.95,10.1,10.2,9.82,440.08K,-1.49%
185,2017년 04월 06일,10.1,9.95,10.25,9.93,650.55K,1.51%
186,2017년 04월 05일,9.95,10.3,10.5,9.85,412.18K,-3.40%
187,2017년 04월 04일,10.3,10.35,10.35,10.05,326.12K,-0.48%
188,2017년 04월 03일,10.35,10.5,10.5,10.25,242.06K,-0.96%
189,2017년 03월 31일,10.45,10.1,10.5,10.1,581.98K,2.96%
190,2017년 03월 30일,10.15,10.2,10.3,10.05,424.03K,-0.49%
191,2017년 03월 29일,10.2,9.75,10.3,9.75,711.17K,3.55%
192,2017년 03월 28일,9.85,9.85,9.95,9.75,189.71K,-0.51%
193,2017년 03월 27일,9.9,9.9,10.0,9.82,364.66K,-0.50%
194,2017년 03월 24일,9.95,10.0,10.2,9.95,224.11K,-1.00%
195,2017년 03월 23일,10.05,10.0,10.15,10.0,190.09K,0.50%
196,2017년 03월 22일,10.0,9.95,10.15,9.85,292.84K,-0.50%
197,2017년 03월 21일,10.05,10.45,10.45,10.0,492.14K,-3.37%
198,2017년 03월 20일,10.4,10.5,10.5,10.3,915.69K,-0.95%
199,2017년 03월 17일,10.5,10.1,10.5,9.95,520.33K,3.45%
200,2017년 03월 16일,10.15,9.95,10.15,9.75,336.65K,2.53%
201,2017년 03월 15일,9.9,9.85,9.9,9.65,202.77K,1.02%
202,2017년 03월 14일,9.8,9.6,9.8,9.41,259.07K,1.03%
203,2017년 03월 13일,9.7,9.5,9.75,9.5,226.06K,2.11%
204,2017년 03월 10일,9.5,9.5,9.65,9.45,249.71K,0.53%
205,2017년 03월 09일,9.45,9.45,9.5,9.27,270.85K,0.53%
206,2017년 03월 08일,9.4,10.0,10.0,9.25,470.96K,4.44%
207,2017년 03월 07일,9.0,9.0,9.05,8.85,213.59K,0.00%
208,2017년 03월 06일,9.0,9.1,9.2,8.88,348.59K,-1.10%
209,2017년 03월 03일,9.1,9.3,9.4,9.05,222.91K,-2.15%
210,2017년 03월 02일,9.3,9.3,9.32,9.1,478.75K,-0.53%
211,2017년 03월 01일,9.35,9.0,9.44,8.85,492.63K,5.06%
212,2017년 02월 28일,8.9,8.6,9.0,8.5,507.74K,2.30%
213,2017년 02월 27일,8.7,8.4,8.85,8.4,255.27K,3.26%
214,2017년 02월 24일,8.43,8.7,8.7,8.35,208.43K,-3.16%
215,2017년 02월 23일,8.7,8.8,8.85,8.63,224.19K,0.00%
216,2017년 02월 22일,8.7,8.8,8.85,8.63,166.87K,-1.14%
217,2017년 02월 21일,8.8,9.0,9.0,8.8,141.29K,-2.22%
218,2017년 02월 17일,9.0,8.8,9.0,8.75,297.80K,2.27%
219,2017년 02월 16일,8.8,8.6,8.8,8.5,309.52K,2.33%
220,2017년 02월 15일,8.6,8.75,8.85,8.6,149.85K,-2.82%
221,2017년 02월 14일,8.85,8.7,8.88,8.65,456.09K,1.14%
222,2017년 02월 13일,8.75,9.05,9.07,8.65,186.13K,-3.31%
223,2017년 02월 10일,9.05,8.9,9.1,8.8,250.62K,2.26%
224,2017년 02월 09일,8.85,8.7,9.05,8.55,332.58K,1.72%
225,2017년 02월 08일,8.7,8.6,8.7,8.35,306.81K,0.58%
226,2017년 02월 07일,8.65,8.5,8.7,8.35,251.06K,2.37%
227,2017년 02월 06일,8.45,8.55,8.65,8.4,112.60K,-1.74%
228,2017년 02월 03일,8.6,8.4,8.85,8.4,281.51K,2.38%
229,2017년 02월 02일,8.4,8.45,8.45,8.3,171.64K,-0.59%
230,2017년 02월 01일,8.45,8.7,8.8,8.4,166.11K,-2.87%
231,2017년 01월 31일,8.7,8.4,8.7,8.25,438.52K,2.96%
232,2017년 01월 30일,8.45,8.9,8.9,8.45,245.10K,-5.59%
233,2017년 01월 27일,8.95,8.9,9.02,8.8,247.29K,0.00%
234,2017년 01월 26일,8.95,8.9,9.0,8.7,302.46K,0.00%
235,2017년 01월 25일,8.95,9.05,9.05,8.8,231.35K,-1.10%
236,2017년 01월 24일,9.05,9.1,9.29,8.95,248.96K,-0.55%
237,2017년 01월 23일,9.1,9.0,9.1,8.85,513.11K,1.11%
238,2017년 01월 20일,9.0,8.9,9.1,8.9,286.44K,1.12%
239,2017년 01월 19일,8.9,8.9,8.95,8.85,228.11K,-0.56%
240,2017년 01월 18일,8.95,8.95,8.95,8.8,178.93K,0.56%
241,2017년 01월 17일,8.9,9.05,9.2,8.85,255.57K,-2.20%
242,2017년 01월 13일,9.1,9.1,9.25,9.0,204.00K,0.00%
243,2017년 01월 12일,9.1,9.15,9.36,9.0,228.69K,-1.62%
244,2017년 01월 11일,9.25,9.4,9.4,9.15,378.84K,-0.54%
245,2017년 01월 10일,9.3,9.25,9.35,9.15,1.16M,1.09%
246,2017년 01월 09일,9.2,9.5,9.5,9.15,472.36K,-3.16%
247,2017년 01월 06일,9.5,9.7,9.7,9.35,309.96K,-1.55%
248,2017년 01월 05일,9.65,9.9,9.93,9.55,319.30K,-2.53%
249,2017년 01월 04일,9.9,10.0,10.0,9.85,469.18K,-0.50%
250,2017년 01월 03일,9.95,9.7,9.95,9.65,281.60K,2.58%
0,2016년 12월 30일,9.7,9.9,9.9,9.65,244.42K,-2.02%
1,2016년 12월 29일,9.9,9.9,10.02,9.7,278.80K,-1.00%
2,2016년 12월 28일,10.0,10.0,10.0,9.78,234.53K,0.50%
3,2016년 12월 27일,9.95,9.9,10.2,9.75,236.91K,0.51%
4,2016년 12월 23일,9.9,9.85,10.05,9.8,144.16K,0.51%
5,2016년 12월 22일,9.85,10.0,10.0,9.7,219.99K,-1.99%
6,2016년 12월 21일,10.05,10.05,10.15,9.9,189.52K,0.00%
7,2016년 12월 20일,10.05,9.8,10.1,9.65,273.51K,2.55%
8,2016년 12월 19일,9.8,9.8,9.95,9.7,407.02K,0.51%
9,2016년 12월 16일,9.75,9.65,10.0,9.65,614.69K,2.09%
10,2016년 12월 15일,9.55,9.6,9.7,9.4,852.97K,-0.52%
11,2016년 12월 14일,9.6,10.05,10.1,9.52,375.55K,-4.48%
12,2016년 12월 13일,10.05,10.0,10.1,9.85,608.91K,0.50%
13,2016년 12월 12일,10.0,10.2,10.4,9.9,651.85K,-2.44%
14,2016년 12월 09일,10.25,10.4,10.5,10.2,523.73K,-0.97%
15,2016년 12월 08일,10.35,10.25,10.6,10.2,574.61K,0.98%
16,2016년 12월 07일,10.25,9.8,10.6,9.8,1.51M,4.06%
17,2016년 12월 06일,9.85,9.9,9.9,9.65,358.21K,-0.51%
18,2016년 12월 05일,9.9,9.85,9.9,9.67,649.91K,1.02%
19,2016년 12월 02일,9.8,9.8,9.9,9.7,360.27K,-1.01%
20,2016년 12월 01일,9.9,9.75,9.9,9.65,432.85K,1.54%
21,2016년 11월 30일,9.75,9.7,10.0,9.55,646.49K,1.56%
22,2016년 11월 29일,9.6,9.65,9.85,9.5,694.11K,-0.52%
23,2016년 11월 28일,9.65,9.7,9.82,9.6,189.05K,-1.03%
24,2016년 11월 25일,9.75,9.8,9.8,9.7,75.43K,-0.51%
25,2016년 11월 23일,9.8,9.65,9.9,9.4,401.84K,2.08%
26,2016년 11월 22일,9.6,9.65,9.75,9.3,368.87K,-1.03%
27,2016년 11월 21일,9.7,9.65,9.75,9.51,367.19K,2.11%
28,2016년 11월 18일,9.5,9.25,9.75,9.15,761.70K,3.83%
29,2016년 11월 17일,9.15,9.35,9.41,9.1,287.98K,-1.61%
30,2016년 11월 16일,9.3,9.1,9.35,9.1,332.71K,1.64%
31,2016년 11월 15일,9.15,9.35,9.45,9.1,479.50K,-1.61%
32,2016년 11월 14일,9.3,9.2,9.35,9.1,413.60K,1.09%
33,2016년 11월 11일,9.2,9.35,9.4,9.1,527.19K,-1.60%
34,2016년 11월 10일,9.35,9.05,9.55,8.88,662.61K,3.89%
35,2016년 11월 09일,9.0,8.9,9.1,8.46,620.33K,-2.70%
36,2016년 11월 08일,9.25,8.95,9.4,8.85,459.48K,4.52%
37,2016년 11월 07일,8.85,9.0,9.1,8.75,446.59K,5.36%
38,2016년 11월 04일,8.4,8.3,8.4,8.1,590.99K,0.60%
39,2016년 11월 03일,8.35,9.15,9.55,8.3,790.47K,-7.73%
40,2016년 11월 02일,9.05,8.85,9.1,8.65,442.19K,2.84%
41,2016년 11월 01일,8.8,8.75,8.85,8.55,1.00M,0.57%
42,2016년 10월 31일,8.75,8.45,8.75,8.35,426.27K,2.82%
43,2016년 10월 28일,8.51,8.49,8.58,8.41,642.18K,0.12%
44,2016년 10월 27일,8.5,8.71,8.71,8.47,289.80K,-1.85%
45,2016년 10월 26일,8.66,8.71,8.83,8.53,383.23K,-1.59%
46,2016년 10월 25일,8.8,9.05,9.14,8.79,318.79K,-2.87%
47,2016년 10월 24일,9.06,9.11,9.19,8.99,297.70K,-0.33%
48,2016년 10월 21일,9.09,8.93,9.11,8.9,326.75K,0.55%
49,2016년 10월 20일,9.04,9.06,9.14,8.98,183.25K,-0.99%
50,2016년 10월 19일,9.13,8.85,9.14,8.81,242.96K,3.16%
51,2016년 10월 18일,8.85,8.97,9.0,8.84,117.35K,-0.23%
52,2016년 10월 17일,8.87,8.85,8.92,8.73,140.79K,0.00%
53,2016년 10월 14일,8.87,8.9,8.97,8.7,122.44K,0.23%
54,2016년 10월 13일,8.85,8.95,8.95,8.72,213.37K,-1.88%
55,2016년 10월 12일,9.02,9.0,9.07,8.94,114.67K,0.00%
56,2016년 10월 11일,9.02,9.02,9.09,8.95,190.93K,-0.66%
57,2016년 10월 10일,9.08,9.14,9.24,9.02,184.29K,0.11%
58,2016년 10월 07일,9.07,9.23,9.23,8.94,229.14K,-1.63%
59,2016년 10월 06일,9.22,8.95,9.26,8.88,308.20K,4.65%
60,2016년 10월 05일,8.81,8.74,8.93,8.69,475.25K,1.26%
61,2016년 10월 04일,8.7,8.47,8.72,8.47,229.71K,2.96%
62,2016년 10월 03일,8.45,8.42,8.47,8.34,146.14K,-0.24%
63,2016년 09월 30일,8.47,8.31,8.55,8.22,398.73K,2.54%
64,2016년 09월 29일,8.26,8.4,8.5,8.17,465.72K,-1.43%
65,2016년 09월 28일,8.38,8.14,8.39,8.04,286.73K,3.97%
66,2016년 09월 27일,8.06,7.92,8.12,7.91,278.16K,1.13%
67,2016년 09월 26일,7.97,8.27,8.44,7.94,975.55K,-3.63%
68,2016년 09월 23일,8.27,8.4,8.55,8.18,1.12M,-2.13%
69,2016년 09월 22일,8.45,8.41,8.46,8.14,298.60K,1.81%
70,2016년 09월 21일,8.3,8.2,8.31,8.09,765.83K,1.97%
71,2016년 09월 20일,8.14,8.26,8.26,8.06,206.34K,-1.33%
72,2016년 09월 19일,8.25,8.2,8.43,8.11,329.37K,2.23%
73,2016년 09월 16일,8.07,8.08,8.21,8.01,583.48K,-1.10%
74,2016년 09월 15일,8.16,8.1,8.18,8.03,566.03K,1.12%
75,2016년 09월 14일,8.07,8.3,8.39,8.03,516.00K,-2.06%
76,2016년 09월 13일,8.24,8.58,8.58,8.18,621.01K,-4.07%
77,2016년 09월 12일,8.59,8.37,8.61,8.33,271.50K,1.54%
78,2016년 09월 09일,8.46,8.77,8.87,8.38,680.30K,-4.84%
79,2016년 09월 08일,8.89,8.83,8.94,8.81,263.04K,0.68%
80,2016년 09월 07일,8.83,8.82,8.97,8.74,303.59K,0.11%
81,2016년 09월 06일,8.82,8.86,9.0,8.81,185.65K,-0.68%
82,2016년 09월 02일,8.88,8.89,9.06,8.84,169.57K,0.11%
83,2016년 09월 01일,8.87,8.96,9.21,8.77,249.85K,-1.11%
84,2016년 08월 31일,8.97,8.74,9.03,8.73,854.13K,2.28%
85,2016년 08월 30일,8.77,8.73,8.78,8.6,414.18K,0.92%
86,2016년 08월 29일,8.69,8.67,8.91,8.58,366.68K,-0.11%
87,2016년 08월 26일,8.7,8.72,8.85,8.65,304.96K,-0.23%
88,2016년 08월 25일,8.72,8.5,8.89,8.5,445.07K,1.63%
89,2016년 08월 24일,8.58,8.84,8.99,8.39,636.27K,-3.05%
90,2016년 08월 23일,8.85,8.96,9.06,8.73,242.07K,-0.78%
91,2016년 08월 22일,8.92,9.17,9.28,8.87,310.29K,-3.98%
92,2016년 08월 19일,9.29,9.2,9.3,9.05,347.35K,0.65%
93,2016년 08월 18일,9.23,9.17,9.37,9.14,211.84K,1.10%
94,2016년 08월 17일,9.13,9.11,9.22,8.99,408.19K,0.55%
95,2016년 08월 16일,9.08,9.27,9.27,9.05,345.04K,-1.52%
96,2016년 08월 15일,9.22,9.24,9.33,9.17,203.69K,-0.32%
97,2016년 08월 12일,9.25,9.43,9.49,9.15,547.29K,-1.70%
98,2016년 08월 11일,9.41,9.45,9.56,9.27,993.45K,0.32%
99,2016년 08월 10일,9.38,9.58,9.63,9.34,695.46K,-2.39%
100,2016년 08월 09일,9.61,9.66,9.67,9.54,399.89K,-0.52%
101,2016년 08월 08일,9.66,9.54,9.76,9.54,580.95K,0.21%
102,2016년 08월 05일,9.64,9.25,9.9,9.25,591.59K,-0.10%
103,2016년 08월 04일,9.65,9.7,9.8,9.6,299.13K,-0.92%
104,2016년 08월 03일,9.74,9.5,9.76,9.37,421.22K,2.85%
105,2016년 08월 02일,9.47,9.45,9.6,9.37,401.85K,0.21%
106,2016년 08월 01일,9.45,9.75,9.77,9.37,701.06K,-3.08%
107,2016년 07월 29일,9.75,9.38,9.78,9.27,682.79K,3.94%
108,2016년 07월 28일,9.38,9.1,9.48,9.07,899.02K,2.74%
109,2016년 07월 27일,9.13,8.9,9.25,8.9,242.83K,3.05%
110,2016년 07월 26일,8.86,8.8,8.93,8.74,528.20K,0.34%
111,2016년 07월 25일,8.83,8.85,8.88,8.76,247.44K,-0.79%
112,2016년 07월 22일,8.9,8.91,8.96,8.69,369.87K,-0.34%
113,2016년 07월 21일,8.93,8.87,9.03,8.87,290.38K,0.68%
114,2016년 07월 20일,8.87,8.89,9.0,8.76,444.33K,-0.22%
115,2016년 07월 19일,8.89,8.88,9.09,8.81,201.44K,-0.34%
116,2016년 07월 18일,8.92,8.89,9.01,8.81,298.32K,0.11%
117,2016년 07월 15일,8.91,8.98,8.98,8.5,328.60K,0.00%
118,2016년 07월 14일,8.91,8.85,8.97,8.74,312.14K,1.25%
119,2016년 07월 13일,8.8,8.89,8.97,8.73,397.51K,-0.79%
120,2016년 07월 12일,8.87,8.92,9.07,8.7,756.72K,0.23%
121,2016년 07월 11일,8.85,8.5,8.85,8.46,366.07K,4.00%
122,2016년 07월 08일,8.51,8.44,8.52,8.29,538.32K,1.79%
123,2016년 07월 07일,8.36,8.84,8.85,8.34,388.44K,-5.32%
124,2016년 07월 06일,8.83,8.51,8.88,8.47,572.43K,2.67%
125,2016년 07월 05일,8.6,8.73,8.73,8.42,547.51K,-2.93%
126,2016년 07월 01일,8.86,8.83,9.0,8.75,417.77K,0.34%
127,2016년 06월 30일,8.83,8.2,8.84,8.19,896.20K,7.81%
128,2016년 06월 29일,8.19,8.29,8.38,8.14,470.53K,0.12%
129,2016년 06월 28일,8.18,8.18,8.31,8.02,386.82K,2.89%
130,2016년 06월 27일,7.95,8.51,8.51,7.9,593.35K,-7.77%
131,2016년 06월 24일,8.62,8.48,8.72,8.34,944.19K,-3.04%
132,2016년 06월 23일,8.89,8.7,9.02,8.63,734.28K,3.61%
133,2016년 06월 22일,8.58,8.41,8.61,8.23,797.40K,2.02%
134,2016년 06월 21일,8.41,8.46,8.55,8.34,383.58K,0.36%
135,2016년 06월 20일,8.38,8.44,8.6,8.34,726.20K,0.12%
136,2016년 06월 17일,8.37,8.45,8.56,8.31,1.23M,-1.18%
137,2016년 06월 16일,8.47,8.59,8.73,8.38,302.94K,-1.51%
138,2016년 06월 15일,8.6,8.66,8.84,8.56,380.32K,-0.69%
139,2016년 06월 14일,8.66,8.81,8.97,8.52,399.92K,-2.48%
140,2016년 06월 13일,8.88,8.96,9.19,8.8,774.61K,-0.89%
141,2016년 06월 10일,8.96,9.3,9.31,8.91,569.88K,-3.71%
142,2016년 06월 09일,9.31,9.36,9.36,9.17,460.82K,-1.33%
143,2016년 06월 08일,9.43,9.64,9.71,9.4,330.17K,-2.18%
144,2016년 06월 07일,9.64,9.51,9.7,9.43,386.51K,2.01%
145,2016년 06월 06일,9.45,9.49,9.68,9.37,548.06K,-0.21%
146,2016년 06월 03일,9.47,9.64,9.7,9.42,676.42K,-1.56%
147,2016년 06월 02일,9.62,9.43,9.66,9.37,407.15K,2.18%
148,2016년 06월 01일,9.41,9.13,9.44,9.0,611.29K,2.23%
149,2016년 05월 31일,9.21,9.11,9.44,9.05,1.38M,2.79%
150,2016년 05월 27일,8.96,8.38,9.05,8.3,8.47M,3.94%
151,2016년 05월 26일,8.62,9.4,9.51,8.34,5.31M,-12.66%
152,2016년 05월 25일,9.87,9.79,9.9,9.74,202.33K,1.13%
153,2016년 05월 24일,9.76,9.65,9.79,9.6,227.74K,1.04%
154,2016년 05월 23일,9.66,9.42,9.74,9.34,306.96K,0.84%
155,2016년 05월 20일,9.58,9.41,9.6,9.34,190.96K,2.57%
156,2016년 05월 19일,9.34,9.21,9.46,9.13,210.73K,0.32%
157,2016년 05월 18일,9.31,9.19,9.56,9.19,266.95K,0.87%
158,2016년 05월 17일,9.23,9.33,9.56,9.14,295.72K,-0.97%
159,2016년 05월 16일,9.32,9.41,9.69,9.21,275.47K,0.00%
160,2016년 05월 13일,9.32,9.19,9.44,9.19,201.53K,1.30%
161,2016년 05월 12일,9.2,9.55,9.67,9.19,243.25K,-3.26%
162,2016년 05월 11일,9.51,9.16,9.66,9.14,350.04K,3.48%
163,2016년 05월 10일,9.19,9.1,9.23,8.94,313.04K,1.10%
164,2016년 05월 09일,9.09,9.2,9.29,9.01,201.59K,-2.15%
165,2016년 05월 06일,9.29,9.27,9.49,9.24,214.17K,0.22%
166,2016년 05월 05일,9.27,9.68,9.69,9.26,341.99K,-3.44%
167,2016년 05월 04일,9.6,9.64,10.43,9.46,671.64K,3.67%
168,2016년 05월 03일,9.26,9.44,9.52,9.2,534.95K,-3.44%
169,2016년 05월 02일,9.59,9.71,9.71,9.41,629.83K,-1.34%
170,2016년 04월 29일,9.72,9.82,9.91,9.64,275.71K,-0.92%
171,2016년 04월 28일,9.81,9.89,9.98,9.76,564.66K,-0.81%
172,2016년 04월 27일,9.89,10.0,10.11,9.75,322.46K,-0.90%
173,2016년 04월 26일,9.98,9.91,9.99,9.77,471.61K,1.32%
174,2016년 04월 25일,9.85,9.92,9.95,9.73,218.14K,-0.30%
175,2016년 04월 22일,9.88,9.87,9.98,9.7,193.22K,-0.10%
176,2016년 04월 21일,9.89,9.75,10.0,9.65,372.88K,0.92%
177,2016년 04월 20일,9.8,9.79,9.86,9.56,251.11K,0.00%
178,2016년 04월 19일,9.8,9.68,9.88,9.65,358.87K,1.77%
179,2016년 04월 18일,9.63,9.1,9.67,9.07,460.78K,3.77%
180,2016년 04월 15일,9.28,9.22,9.31,9.09,571.24K,-0.54%
181,2016년 04월 14일,9.33,9.31,9.41,9.16,312.62K,-0.21%
182,2016년 04월 13일,9.35,9.41,9.48,9.31,207.88K,0.11%
183,2016년 04월 12일,9.34,9.08,9.46,8.96,376.79K,3.20%
184,2016년 04월 11일,9.05,8.97,9.24,8.97,299.96K,0.89%
185,2016년 04월 08일,8.97,9.0,9.26,8.92,253.54K,1.01%
186,2016년 04월 07일,8.88,9.12,9.33,8.8,342.84K,-4.00%
187,2016년 04월 06일,9.25,9.19,9.39,9.06,276.62K,1.09%
188,2016년 04월 05일,9.15,9.34,9.42,9.09,262.91K,-2.66%
189,2016년 04월 04일,9.4,9.5,9.87,9.39,421.09K,-0.84%
190,2016년 04월 01일,9.48,9.35,9.69,9.35,327.44K,0.42%
191,2016년 03월 31일,9.44,9.33,9.59,9.33,532.82K,1.18%
192,2016년 03월 30일,9.33,9.22,9.49,9.16,539.98K,1.74%
193,2016년 03월 29일,9.17,9.05,9.17,8.94,379.71K,1.21%
194,2016년 03월 28일,9.06,9.15,9.26,9.04,276.43K,-0.55%
195,2016년 03월 24일,9.11,8.8,9.15,8.8,405.49K,3.17%
196,2016년 03월 23일,8.83,8.79,9.02,8.79,361.79K,0.80%
197,2016년 03월 22일,8.76,8.8,8.94,8.66,347.47K,-1.90%
198,2016년 03월 21일,8.93,8.9,9.05,8.72,376.72K,-0.67%
199,2016년 03월 18일,8.99,8.97,9.27,8.84,730.99K,1.81%
200,2016년 03월 17일,8.83,8.64,8.98,8.55,442.65K,2.56%
201,2016년 03월 16일,8.61,8.16,8.89,8.16,568.31K,6.30%
202,2016년 03월 15일,8.1,8.43,8.62,8.04,261.18K,-4.59%
203,2016년 03월 14일,8.49,8.5,8.65,8.39,429.45K,-0.35%
204,2016년 03월 11일,8.52,8.31,8.55,8.3,406.57K,3.40%
205,2016년 03월 10일,8.24,8.33,8.42,8.08,372.87K,-1.20%
206,2016년 03월 09일,8.34,8.5,8.5,7.97,635.75K,0.36%
207,2016년 03월 08일,8.31,8.33,8.48,8.24,523.84K,-0.84%
208,2016년 03월 07일,8.38,8.03,8.39,8.0,393.68K,4.36%
209,2016년 03월 04일,8.03,7.95,8.12,7.81,478.65K,2.95%
210,2016년 03월 03일,7.8,7.68,7.85,7.58,438.12K,1.17%
211,2016년 03월 02일,7.71,7.23,7.72,7.2,246.00K,6.05%
212,2016년 03월 01일,7.27,7.34,7.35,7.11,174.55K,-0.27%
213,2016년 02월 29일,7.29,7.07,7.35,7.01,517.84K,2.97%
214,2016년 02월 27일,7.08,7.08,7.08,7.08,-,0.14%
215,2016년 02월 26일,7.07,7.0,7.17,6.95,186.24K,2.32%
216,2016년 02월 25일,6.91,6.84,6.92,6.63,221.36K,0.58%
217,2016년 02월 24일,6.87,6.67,6.91,6.54,190.26K,2.08%
218,2016년 02월 23일,6.73,6.86,7.04,6.72,211.23K,-2.60%
219,2016년 02월 22일,6.91,7.0,7.15,6.89,201.88K,0.29%
220,2016년 02월 19일,6.89,6.72,6.91,6.54,206.82K,2.53%
221,2016년 02월 18일,6.72,6.88,6.88,6.64,263.06K,-1.90%
222,2016년 02월 17일,6.85,6.76,7.07,6.76,285.14K,2.54%
223,2016년 02월 16일,6.68,6.63,6.75,6.42,347.81K,2.14%
224,2016년 02월 12일,6.54,6.5,6.71,6.45,160.30K,1.71%
225,2016년 02월 11일,6.43,6.43,6.53,6.22,247.80K,-0.46%
226,2016년 02월 10일,6.46,6.69,6.81,6.46,334.54K,-3.15%
227,2016년 02월 09일,6.67,6.71,6.84,6.51,218.76K,-1.91%
228,2016년 02월 08일,6.8,6.87,6.92,6.58,311.32K,-1.88%
229,2016년 02월 05일,6.93,7.03,7.34,6.86,309.14K,-2.53%
230,2016년 02월 04일,7.11,7.31,7.58,7.06,336.01K,-2.60%
231,2016년 02월 03일,7.3,6.99,7.31,6.77,270.98K,6.88%
232,2016년 02월 02일,6.83,6.9,7.01,6.79,510.27K,-2.43%
233,2016년 02월 01일,7.0,6.88,7.14,6.76,388.63K,1.01%
234,2016년 01월 29일,6.93,6.89,7.1,6.83,427.65K,1.17%
235,2016년 01월 28일,6.85,6.68,6.89,6.56,519.50K,4.74%
236,2016년 01월 27일,6.54,6.26,6.61,6.01,1.15M,6.00%
237,2016년 01월 26일,6.17,6.33,7.72,6.14,2.43M,-0.96%
238,2016년 01월 25일,6.23,6.57,6.64,6.15,617.76K,-5.75%
239,2016년 01월 22일,6.61,6.81,6.93,6.37,586.98K,-1.78%
240,2016년 01월 21일,6.73,6.51,6.87,6.47,617.56K,4.02%
241,2016년 01월 20일,6.47,6.6,6.71,6.2,1.91M,-3.00%
242,2016년 01월 19일,6.67,7.43,7.43,6.59,466.69K,-9.25%
243,2016년 01월 15일,7.35,7.65,7.69,7.24,566.46K,-6.01%
244,2016년 01월 14일,7.82,8.0,8.3,7.79,410.29K,-3.46%
245,2016년 01월 13일,8.1,8.22,8.41,8.0,290.96K,-0.98%
246,2016년 01월 12일,8.18,8.3,8.41,7.9,301.08K,-0.73%
247,2016년 01월 11일,8.24,8.38,8.85,8.02,299.59K,-1.32%
248,2016년 01월 08일,8.35,8.65,8.69,8.31,365.64K,-3.24%
249,2016년 01월 07일,8.63,8.76,8.82,8.5,387.04K,-3.58%
250,2016년 01월 06일,8.95,8.98,9.11,8.85,286.99K,-1.43%
251,2016년 01월 05일,9.08,9.17,9.26,8.98,384.89K,-1.30%
252,2016년 01월 04일,9.2,9.13,9.33,8.98,559.67K,-0.97%
0,2015년 12월 31일,9.29,9.09,9.42,9.09,296.44K,0.43%
1,2015년 12월 30일,9.25,9.36,9.45,9.21,266.30K,-1.91%
2,2015년 12월 29일,9.43,9.29,9.45,9.2,245.80K,2.50%
3,2015년 12월 28일,9.2,9.32,9.44,8.99,437.39K,-2.23%
4,2015년 12월 24일,9.41,9.22,9.47,9.06,130.54K,2.06%
5,2015년 12월 23일,9.22,9.26,9.45,9.05,310.00K,-0.43%
6,2015년 12월 22일,9.26,9.17,9.49,9.07,421.85K,1.54%
7,2015년 12월 21일,9.12,8.66,9.28,8.48,474.23K,5.56%
8,2015년 12월 18일,8.64,8.61,8.75,8.39,664.00K,0.35%
9,2015년 12월 17일,8.61,9.02,9.02,8.59,445.57K,-3.04%
10,2015년 12월 16일,8.88,8.55,9.02,8.53,431.32K,4.96%
11,2015년 12월 15일,8.46,8.38,8.55,8.2,264.52K,2.30%
12,2015년 12월 14일,8.27,8.37,8.5,8.16,298.19K,-1.31%
13,2015년 12월 11일,8.38,8.46,8.61,8.27,364.77K,-3.57%
14,2015년 12월 10일,8.69,8.61,8.79,8.51,182.60K,0.70%
15,2015년 12월 09일,8.63,8.25,8.71,8.24,300.71K,3.85%
16,2015년 12월 08일,8.31,8.21,8.53,8.1,372.20K,-0.36%
17,2015년 12월 07일,8.34,8.79,8.89,8.2,460.23K,-6.19%
18,2015년 12월 04일,8.89,8.7,9.0,8.52,403.10K,1.95%
19,2015년 12월 03일,8.72,8.76,9.02,8.55,523.55K,-0.11%
20,2015년 12월 02일,8.73,8.86,8.94,8.65,212.90K,-1.69%
21,2015년 12월 01일,8.88,9.05,9.29,8.85,734.73K,-1.44%
22,2015년 11월 30일,9.01,8.5,9.16,8.34,720.67K,6.50%
23,2015년 11월 27일,8.46,8.38,8.46,8.26,154.91K,0.48%
24,2015년 11월 25일,8.42,7.94,8.45,7.94,244.97K,5.38%
25,2015년 11월 24일,7.99,7.86,8.0,7.64,291.45K,1.27%
26,2015년 11월 23일,7.89,7.94,8.05,7.78,355.46K,-0.25%
27,2015년 11월 20일,7.91,7.78,7.98,7.69,232.68K,2.33%
28,2015년 11월 19일,7.73,7.76,7.78,7.65,164.10K,-0.26%
29,2015년 11월 18일,7.75,7.51,7.8,7.32,282.40K,4.03%
30,2015년 11월 17일,7.45,7.64,7.69,7.39,189.11K,-2.74%
31,2015년 11월 16일,7.66,7.68,7.69,7.43,185.85K,0.00%
32,2015년 11월 13일,7.66,7.27,7.77,7.27,294.51K,4.50%
33,2015년 11월 12일,7.33,7.69,7.73,7.27,399.14K,-6.62%
34,2015년 11월 11일,7.85,7.97,8.0,7.66,214.80K,-1.13%
35,2015년 11월 10일,7.94,7.83,8.01,7.68,263.96K,0.89%
36,2015년 11월 09일,7.87,8.19,8.23,7.84,177.92K,-3.91%
37,2015년 11월 06일,8.19,8.13,8.25,7.82,170.04K,0.12%
38,2015년 11월 05일,8.18,8.22,8.27,8.1,165.91K,-0.37%
39,2015년 11월 04일,8.21,7.33,8.28,7.06,472.57K,1.36%
40,2015년 11월 03일,8.1,7.98,8.25,7.98,233.84K,0.75%
41,2015년 11월 02일,8.04,7.88,8.1,7.76,218.60K,1.90%
42,2015년 10월 30일,7.89,7.94,8.02,7.72,173.86K,-0.38%
43,2015년 10월 29일,7.92,7.91,8.03,7.46,167.31K,-0.63%
44,2015년 10월 28일,7.97,7.63,7.98,7.62,358.16K,4.59%
45,2015년 10월 27일,7.62,7.48,7.64,7.37,268.77K,2.01%
46,2015년 10월 26일,7.47,7.56,7.69,7.46,168.78K,-1.84%
47,2015년 10월 23일,7.61,7.7,7.83,7.53,199.47K,-0.78%
48,2015년 10월 22일,7.67,7.66,7.75,7.44,329.16K,0.39%
49,2015년 10월 21일,7.64,8.05,8.14,7.61,345.78K,-5.21%
50,2015년 10월 20일,8.06,7.85,8.09,7.8,241.54K,3.07%
51,2015년 10월 19일,7.82,7.69,7.91,7.57,250.66K,1.43%
52,2015년 10월 16일,7.71,7.75,7.87,7.5,332.85K,-0.13%
53,2015년 10월 15일,7.72,8.36,8.36,7.69,770.70K,-8.85%
54,2015년 10월 14일,8.47,8.75,8.75,7.79,551.37K,-7.03%
55,2015년 10월 13일,9.11,9.17,9.31,9.0,222.37K,-1.19%
56,2015년 10월 12일,9.22,9.47,9.47,9.06,177.39K,-2.33%
57,2015년 10월 09일,9.44,9.53,9.53,9.25,146.83K,-0.21%
58,2015년 10월 08일,9.46,9.35,9.7,9.22,256.94K,0.53%
59,2015년 10월 07일,9.41,9.52,9.76,9.17,306.12K,-0.11%
60,2015년 10월 06일,9.42,8.89,9.5,8.89,351.71K,4.78%
61,2015년 10월 05일,8.99,8.8,9.18,8.79,420.86K,3.45%
62,2015년 10월 02일,8.69,8.2,8.71,8.1,232.70K,5.72%
63,2015년 10월 01일,8.22,8.35,8.47,8.15,186.16K,-0.72%
64,2015년 09월 30일,8.28,8.01,8.28,8.01,251.08K,3.50%
65,2015년 09월 29일,8.0,8.34,8.43,7.96,321.45K,-3.73%
66,2015년 09월 28일,8.31,8.43,8.6,8.08,354.01K,-3.15%
67,2015년 09월 25일,8.58,8.63,8.63,8.4,637.71K,0.35%
68,2015년 09월 24일,8.55,8.06,8.76,8.06,518.42K,5.04%
69,2015년 09월 23일,8.14,7.82,8.17,7.8,360.35K,4.49%
70,2015년 09월 22일,7.79,7.97,8.05,7.74,184.52K,-3.11%
71,2015년 09월 21일,8.04,8.09,8.15,7.99,251.87K,0.37%
72,2015년 09월 18일,8.01,7.82,8.01,7.79,319.89K,0.88%
73,2015년 09월 17일,7.94,8.08,8.08,7.9,293.43K,-1.37%
74,2015년 09월 16일,8.05,7.82,8.13,7.82,199.89K,3.21%
75,2015년 09월 15일,7.8,7.7,7.89,7.61,302.83K,1.96%
76,2015년 09월 14일,7.65,7.83,7.96,7.59,310.86K,-2.17%
77,2015년 09월 11일,7.82,8.38,8.42,7.8,447.63K,-7.46%
78,2015년 09월 10일,8.45,8.42,8.6,8.36,230.73K,-0.12%
79,2015년 09월 09일,8.46,8.55,8.75,8.41,207.19K,-0.47%
80,2015년 09월 08일,8.5,8.5,8.65,8.41,366.77K,2.41%
81,2015년 09월 04일,8.3,8.3,8.44,8.13,378.64K,-2.47%
82,2015년 09월 03일,8.51,8.51,8.68,8.29,404.55K,0.71%
83,2015년 09월 02일,8.45,8.4,8.46,8.12,543.52K,1.56%
84,2015년 09월 01일,8.32,8.24,8.66,8.01,468.27K,-1.19%
85,2015년 08월 31일,8.42,8.42,8.77,8.27,673.46K,-0.36%
86,2015년 08월 28일,8.45,7.88,8.47,7.87,702.63K,7.23%
87,2015년 08월 27일,7.88,7.43,7.91,7.42,579.89K,7.95%
88,2015년 08월 26일,7.3,7.84,7.84,7.25,1.31M,-4.82%
89,2015년 08월 25일,7.67,8.34,8.95,7.66,561.17K,-5.54%
90,2015년 08월 24일,8.12,8.43,8.62,8.07,783.43K,-7.31%
91,2015년 08월 21일,8.76,8.88,9.04,8.69,560.71K,-3.20%
92,2015년 08월 20일,9.05,9.17,9.28,9.01,384.65K,-0.98%
93,2015년 08월 19일,9.14,9.25,9.4,9.0,317.45K,-1.93%
94,2015년 08월 18일,9.32,9.63,9.68,9.24,268.66K,-3.32%
95,2015년 08월 17일,9.64,9.59,9.82,9.46,312.18K,-0.62%
96,2015년 08월 14일,9.7,9.71,9.88,9.46,304.35K,-0.10%
97,2015년 08월 13일,9.71,9.86,9.96,9.64,355.38K,-1.92%
98,2015년 08월 12일,9.9,9.86,9.99,9.65,403.25K,1.54%
99,2015년 08월 11일,9.75,9.96,10.0,9.64,273.72K,-2.79%
100,2015년 08월 10일,10.03,9.78,10.07,9.69,526.43K,2.66%
101,2015년 08월 07일,9.77,9.9,10.01,9.71,343.05K,-2.01%
102,2015년 08월 06일,9.97,9.96,10.06,9.74,261.19K,-0.30%
103,2015년 08월 05일,10.0,11.18,11.18,9.91,712.33K,-1.38%
104,2015년 08월 04일,10.14,10.24,10.47,9.97,295.33K,-0.59%
105,2015년 08월 03일,10.2,10.2,10.26,10.05,345.75K,0.00%
106,2015년 07월 31일,10.2,10.35,10.44,10.1,483.86K,-1.45%
107,2015년 07월 30일,10.35,10.36,10.42,10.3,188.59K,-0.67%
108,2015년 07월 29일,10.42,10.73,10.75,10.28,261.34K,0.29%
109,2015년 07월 28일,10.39,10.28,10.49,10.11,236.19K,1.07%
110,2015년 07월 27일,10.28,10.22,10.48,9.82,307.29K,-0.29%
111,2015년 07월 24일,10.31,10.61,10.61,10.24,251.87K,-3.01%
112,2015년 07월 23일,10.63,10.77,10.83,10.5,314.97K,-1.21%
113,2015년 07월 22일,10.76,10.62,10.95,10.61,268.63K,1.03%
114,2015년 07월 21일,10.65,10.92,11.08,10.64,267.36K,-2.65%
115,2015년 07월 20일,10.94,10.99,11.01,10.82,279.76K,-0.64%
116,2015년 07월 17일,11.01,11.08,11.13,10.9,186.24K,0.27%
117,2015년 07월 16일,10.98,11.03,11.18,10.94,361.00K,-0.27%
118,2015년 07월 15일,11.01,11.22,11.44,10.93,308.67K,-2.74%
119,2015년 07월 14일,11.32,11.54,11.54,11.28,253.97K,-1.82%
120,2015년 07월 13일,11.53,11.3,11.56,11.17,425.11K,1.95%
121,2015년 07월 10일,11.31,11.16,11.4,11.16,221.66K,0.71%
122,2015년 07월 09일,11.23,11.34,11.56,11.08,419.08K,-0.18%
123,2015년 07월 08일,11.25,11.56,11.64,11.16,509.26K,-3.35%
124,2015년 07월 07일,11.64,11.81,11.85,11.5,355.86K,-2.02%
125,2015년 07월 06일,11.88,11.7,11.96,11.55,438.53K,0.34%
126,2015년 07월 02일,11.84,11.74,11.92,11.67,325.87K,0.94%
127,2015년 07월 01일,11.73,11.73,11.96,11.54,577.40K,1.47%
128,2015년 06월 30일,11.56,11.55,11.6,11.29,368.61K,0.87%
129,2015년 06월 29일,11.46,11.49,11.74,11.41,404.29K,-2.05%
130,2015년 06월 26일,11.7,11.91,11.99,11.65,1.32M,-2.42%
131,2015년 06월 25일,11.99,11.89,12.02,11.75,255.27K,0.93%
132,2015년 06월 24일,11.88,12.1,12.18,11.87,257.61K,-2.38%
133,2015년 06월 23일,12.17,11.93,12.29,11.87,533.53K,2.53%
134,2015년 06월 22일,11.87,11.81,11.95,11.72,622.98K,-0.17%
135,2015년 06월 19일,11.89,11.84,12.06,11.75,486.39K,0.51%
136,2015년 06월 18일,11.83,11.82,11.99,11.81,530.34K,-1.00%
137,2015년 06월 17일,11.95,12.32,12.32,11.91,442.17K,-2.53%
138,2015년 06월 16일,12.26,12.34,12.45,12.2,498.22K,-0.49%
139,2015년 06월 15일,12.32,12.34,12.44,12.12,769.14K,0.98%
140,2015년 06월 12일,12.2,12.34,12.51,12.2,303.43K,-1.13%
141,2015년 06월 11일,12.34,12.46,12.6,12.29,248.15K,-0.96%
142,2015년 06월 10일,12.46,12.31,12.55,12.22,497.08K,1.71%
143,2015년 06월 09일,12.25,12.07,12.3,12.03,423.35K,1.49%
144,2015년 06월 08일,12.07,12.3,12.3,11.95,409.71K,-1.07%
145,2015년 06월 05일,12.2,12.02,12.26,11.82,432.21K,1.58%
146,2015년 06월 04일,12.01,11.89,12.05,11.74,612.77K,0.59%
147,2015년 06월 03일,11.94,12.27,12.49,11.85,817.65K,-2.69%
148,2015년 06월 02일,12.27,12.38,12.8,12.0,1.11M,-0.89%
149,2015년 06월 01일,12.38,11.04,12.41,11.0,1.81M,16.46%
150,2015년 05월 29일,10.63,10.21,10.68,9.9,1.80M,4.11%
151,2015년 05월 28일,10.21,9.92,10.33,9.92,345.83K,2.20%
152,2015년 05월 27일,9.99,9.93,10.14,9.8,425.49K,0.60%
153,2015년 05월 26일,9.93,9.78,9.94,9.63,271.02K,0.61%
154,2015년 05월 22일,9.87,9.72,9.93,9.65,237.42K,1.75%
155,2015년 05월 21일,9.7,9.6,9.84,9.58,296.96K,1.36%
156,2015년 05월 20일,9.57,9.63,9.68,9.39,315.62K,-0.10%
157,2015년 05월 19일,9.58,9.52,9.7,9.44,432.03K,0.52%
158,2015년 05월 18일,9.53,9.21,9.6,9.21,347.06K,2.80%
159,2015년 05월 15일,9.27,9.02,9.45,9.01,366.53K,2.21%
160,2015년 05월 14일,9.07,9.07,9.17,8.97,219.18K,0.44%
161,2015년 05월 13일,9.03,8.95,9.05,8.84,251.35K,1.80%
162,2015년 05월 12일,8.87,8.66,9.02,8.55,297.61K,2.31%
163,2015년 05월 11일,8.67,8.64,8.84,8.59,251.11K,-1.14%
164,2015년 05월 08일,8.77,8.91,8.93,8.55,472.71K,-1.02%
165,2015년 05월 07일,8.86,8.81,8.9,8.25,695.38K,2.19%
166,2015년 05월 06일,8.67,8.59,9.29,8.1,717.17K,-1.59%
167,2015년 05월 05일,8.81,9.03,9.13,8.76,265.54K,-2.22%
168,2015년 05월 04일,9.01,9.06,9.15,8.98,230.03K,-0.77%
169,2015년 05월 01일,9.08,9.19,9.36,8.91,206.40K,-1.41%
170,2015년 04월 30일,9.21,9.45,9.56,9.17,341.22K,-3.26%
171,2015년 04월 29일,9.52,9.21,9.6,9.17,405.97K,2.37%
172,2015년 04월 28일,9.3,9.34,9.38,9.29,121.79K,-0.43%
173,2015년 04월 27일,9.34,9.29,9.37,9.19,198.67K,1.52%
174,2015년 04월 24일,9.2,9.15,9.3,9.12,233.53K,0.71%
175,2015년 04월 23일,9.14,8.93,9.16,8.87,251.36K,2.24%
176,2015년 04월 22일,8.94,8.83,9.0,8.81,155.32K,0.85%
177,2015년 04월 21일,8.86,9.14,9.2,8.85,194.53K,-2.74%
178,2015년 04월 20일,9.11,8.94,9.23,8.94,155.89K,2.02%
179,2015년 04월 17일,8.93,9.19,9.2,8.93,228.57K,-3.15%
180,2015년 04월 16일,9.22,9.18,9.28,9.11,182.49K,-0.11%
181,2015년 04월 15일,9.23,9.27,9.33,9.13,361.74K,-0.43%
182,2015년 04월 14일,9.27,9.17,9.35,9.13,340.35K,1.87%
183,2015년 04월 13일,9.1,9.38,9.38,9.08,219.41K,-2.47%
184,2015년 04월 10일,9.33,9.04,9.4,9.04,202.63K,2.53%
185,2015년 04월 09일,9.1,9.22,9.38,9.01,302.42K,-1.52%
186,2015년 04월 08일,9.24,9.41,9.5,9.2,292.78K,-2.12%
187,2015년 04월 07일,9.44,9.44,9.58,9.36,268.64K,-0.32%
188,2015년 04월 06일,9.47,9.44,9.6,9.39,253.93K,1.18%
189,2015년 04월 02일,9.36,9.58,9.67,9.34,221.78K,-2.50%
190,2015년 04월 01일,9.6,9.2,9.6,9.07,244.96K,4.12%
191,2015년 03월 31일,9.22,9.48,9.56,9.07,391.98K,-3.56%
192,2015년 03월 30일,9.56,9.48,9.63,9.41,704.65K,1.70%
193,2015년 03월 27일,9.4,9.43,9.48,9.29,231.81K,-0.42%
194,2015년 03월 26일,9.44,9.42,9.59,9.39,342.30K,0.85%
195,2015년 03월 25일,9.36,9.54,9.61,9.34,346.40K,-1.68%
196,2015년 03월 24일,9.52,9.62,9.63,9.43,178.27K,-1.50%
197,2015년 03월 23일,9.66,9.63,9.74,9.55,213.10K,0.05%
198,2015년 03월 20일,9.66,9.7,9.76,9.56,348.15K,0.42%
199,2015년 03월 19일,9.62,9.68,9.82,9.52,156.62K,-1.74%
200,2015년 03월 18일,9.79,9.42,9.93,9.37,475.24K,3.71%
201,2015년 03월 17일,9.44,9.25,9.51,9.11,307.27K,1.29%
202,2015년 03월 16일,9.32,9.62,9.65,9.31,298.10K,-2.41%
203,2015년 03월 13일,9.55,9.53,9.59,9.34,297.78K,0.10%
204,2015년 03월 12일,9.54,9.5,9.7,9.44,465.83K,1.06%
205,2015년 03월 11일,9.44,9.4,9.5,9.28,444.88K,0.43%
206,2015년 03월 10일,9.4,9.38,9.45,9.22,439.00K,-0.63%
207,2015년 03월 09일,9.46,9.18,9.46,9.1,479.88K,3.39%
208,2015년 03월 06일,9.15,9.34,9.42,9.05,978.64K,-2.87%
209,2015년 03월 05일,9.42,9.6,9.72,9.22,304.65K,-1.46%
210,2015년 03월 04일,9.56,9.22,9.75,9.22,683.65K,4.60%
211,2015년 03월 03일,9.14,9.06,9.2,8.9,534.15K,0.11%
212,2015년 03월 02일,9.13,8.92,9.14,8.84,237.99K,2.35%
213,2015년 02월 27일,8.92,8.92,8.99,8.85,311.09K,0.34%
214,2015년 02월 26일,8.89,8.84,8.94,8.79,161.21K,0.11%
215,2015년 02월 25일,8.88,9.03,9.03,8.77,181.40K,-1.22%
216,2015년 02월 24일,8.99,8.7,9.06,8.7,320.49K,4.17%
217,2015년 02월 23일,8.63,8.88,8.93,8.52,407.56K,-3.68%
218,2015년 02월 20일,8.96,8.74,9.26,8.71,377.28K,3.94%
219,2015년 02월 19일,8.62,8.3,8.65,8.3,185.82K,2.13%
220,2015년 02월 18일,8.44,8.55,8.6,8.37,233.13K,-1.86%
221,2015년 02월 17일,8.6,8.54,8.69,8.49,184.81K,0.70%
222,2015년 02월 13일,8.54,8.81,8.83,8.49,216.02K,-2.40%
223,2015년 02월 12일,8.75,8.65,8.77,8.53,221.28K,2.22%
224,2015년 02월 11일,8.56,8.71,8.9,8.48,195.95K,-2.28%
225,2015년 02월 10일,8.76,8.83,8.86,8.53,176.10K,0.00%
226,2015년 02월 09일,8.76,8.55,8.79,8.5,646.76K,2.22%
227,2015년 02월 06일,8.57,8.98,9.05,8.53,403.98K,-4.78%
228,2015년 02월 05일,9.0,8.97,9.16,8.89,216.38K,1.12%
229,2015년 02월 04일,8.9,8.99,9.13,8.86,289.51K,-1.11%
230,2015년 02월 03일,9.0,9.01,9.29,8.95,512.41K,0.56%
231,2015년 02월 02일,8.95,8.91,9.05,8.7,360.76K,2.40%
232,2015년 01월 30일,8.74,8.74,8.89,8.57,315.55K,-0.34%
233,2015년 01월 29일,8.77,8.62,8.86,8.51,431.74K,1.98%
234,2015년 01월 28일,8.6,8.91,9.0,8.39,328.07K,-3.37%
235,2015년 01월 27일,8.9,8.84,9.0,8.82,209.31K,-0.56%
236,2015년 01월 26일,8.95,8.87,9.07,8.74,370.72K,0.56%
237,2015년 01월 23일,8.9,9.03,9.2,8.87,309.47K,-1.11%
238,2015년 01월 22일,9.0,9.1,9.23,8.96,864.10K,0.33%
239,2015년 01월 21일,8.97,9.01,9.13,8.84,543.05K,-0.44%
240,2015년 01월 20일,9.01,9.04,9.06,8.67,373.40K,-0.66%
241,2015년 01월 16일,9.07,8.95,9.17,8.9,420.92K,1.34%
242,2015년 01월 15일,8.95,9.27,9.27,8.87,278.22K,-2.72%
243,2015년 01월 14일,9.2,9.1,9.24,8.97,309.44K,0.00%
244,2015년 01월 13일,9.2,9.28,9.44,9.03,345.06K,-0.97%
245,2015년 01월 12일,9.29,9.55,9.56,9.16,309.52K,-0.21%
246,2015년 01월 09일,9.31,9.44,9.48,9.2,330.18K,-1.27%
247,2015년 01월 08일,9.43,9.24,9.44,9.1,359.25K,2.61%
248,2015년 01월 07일,9.19,9.18,9.28,9.07,267.66K,0.77%
249,2015년 01월 06일,9.12,9.54,9.77,9.05,534.76K,-4.50%
250,2015년 01월 05일,9.55,9.69,9.75,9.49,481.67K,-2.45%
251,2015년 01월 02일,9.79,9.82,9.86,9.58,436.60K,0.82%
